Title,Rating,Votes,Duration
1. The Naked Gun,7.0, (25K),1h 25m
2. Freaky Tales,6.3, (10K),1h 47m
3. Thunderbolts*,7.2, (176K),2h 7m
4. The Bad Guys 2,7.2, (4.4K),1h 44m
5. The Naked Gun: From the Files of Police Squad!,7.6, (207K),1h 25m
6. Stolen: Heist of the Century,6.6, (864),1h 36m
7. The Phoenician Scheme,6.7, (39K),1h 41m
9. Highest 2 Lowest,6.9, (426),2h 13m
10. Nobody,7.4, (361K),1h 32m
11. The Departed,8.5, (1.5M),2h 31m
12. Nobody 2,6.9, (554),1h 29m
13. The Accountant 2,6.7, (101K),2h 12m
14. The Dark Knight,9.1, (3.1M),2h 32m
15. The Godfather,9.2, (2.2M),2h 55m
16. Se7en,8.6, (1.9M),2h 7m
17. Honey Don't!,5.9, (291),1h 28m
18. Pulp Fiction,8.8, (2.4M),2h 34m
20. The Bad Guys,6.9, (71K),1h 40m
21. No Country for Old Men,8.2, (1.1M),2h 2m
22. Fight Club,8.8, (2.5M),2h 19m
23. Goodfellas,8.7, (1.3M),2h 25m
24. Prisoners,8.2, (888K),2h 33m
25. Deep Cover,6.7, (32K),1h 40m
26. The Wolf of Wall Street,8.2, (1.7M),3h
27. Longlegs,6.6, (199K),1h 41m
28. Promising Young Woman,7.5, (228K),1h 53m
29. The Batman,7.8, (888K),2h 56m
30. Naked Gun 33 1/3: The Final Insult,6.5, (121K),1h 23m
31. The Usual Suspects,8.5, (1.2M),1h 46m
32. The Naked Gun 2½: The Smell of Fear,6.9, (133K),1h 25m
33. The Silence of the Lambs,8.6, (1.7M),1h 58m
35. Heat,8.3, (769K),2h 50m
36. 12 Angry Men,9.0, (943K),1h 36m
37. Novocaine,6.5, (63K),1h 50m
38. Havoc,5.7, (59K),1h 47m
39. Americana,5.4, (487),1h 50m
40. The Green Mile,8.6, (1.5M),3h 9m
41. The Order,6.8, (53K),1h 56m
43. City of God,8.6, (846K),2h 10m
44. Knock Knock,4.9, (112K),1h 39m
45. Juror #2,7.0, (111K),1h 54m
46. Memories of Murder,8.1, (248K),2h 12m
47. Megamind,7.3, (314K),1h 35m
48. John Wick,7.5, (796K),1h 41m
49. Carry-On,6.5, (177K),1h 59m
50. The Dark Knight Rises,8.4, (1.9M),2h 44m
51. The Accountant,7.3, (381K),2h 8m
52. Batman Begins,8.2, (1.7M),2h 20m
53. Sicario,7.7, (515K),2h 1m
54. Zodiac,7.7, (645K),2h 37m
55. The Town,7.5, (436K),2h 5m
56. After the Sunset,6.2, (52K),1h 37m
57. Knives Out,7.9, (827K),2h 10m
59. The Godfather Part II,9.0, (1.4M),3h 22m
60. A Time to Kill,7.5, (193K),2h 29m
61. Sovereign,6.5, (3.6K),1h 40m
62. Killers of the Flower Moon,7.6, (288K),3h 26m
63. The Beekeeper,6.3, (166K),1h 45m
64. Scarface,8.3, (979K),2h 50m
65. Rebel Ridge,6.8, (94K),2h 11m
66. Léon: The Professional,8.5, (1.3M),1h 50m
67. Riff Raff,5.7, (6K),1h 43m
68. Snatch,8.2, (954K),1h 42m
69. Late Shift,7.9, (2.4K),1h 32m
70. John Wick: Chapter 4,7.6, (390K),2h 49m
71. The Big Lebowski,8.1, (898K),1h 57m
72. Neighborhood Watch,6.1, (5.9K),1h 32m
73. Blue Velvet,7.7, (235K),2h
74. Zootopia,8.0, (589K),1h 48m
75. Reservoir Dogs,8.3, (1.1M),1h 39m
76. Catch Me If You Can,8.1, (1.2M),2h 21m
77. Now You See Me,7.2, (746K),1h 55m
78. Megan Is Missing,4.6, (19K),1h 25m
79. Baby Driver,7.5, (660K),1h 53m
80. The Gentlemen,7.8, (439K),1h 53m
81. The Mask,7.0, (453K),1h 41m
82. Taxi Driver,8.2, (991K),1h 54m
83. Casino,8.2, (599K),2h 58m
84. The Unholy Trinity,5.5, (2.9K),1h 35m
85. The Alto Knights,5.9, (15K),2h 3m
86. Joker,8.3, (1.6M),2h 2m
87. American Psycho,7.6, (794K),1h 42m
89. Primal Fear,7.7, (267K),2h 9m
90. Kill Bill: Vol. 1,8.2, (1.3M),1h 51m
91. We're the Millers,7.0, (511K),1h 50m
92. Uncut Gems,7.4, (339K),2h 15m
93. American History X,8.5, (1.2M),1h 59m
94. RoboCop,7.6, (300K),1h 42m
95. Irreversible,7.3, (158K),1h 37m
96. Wrath of Man,7.1, (228K),1h 59m
97. Night Always Comes,6.7, (13),1h 48m
98. Point Break,7.3, (217K),2h 2m
"99. Three Billboards Outside Ebbing, Missouri",8.1, (589K),1h 55m
100. Kuberaa,6.4, (6.9K),3h 1m
101. Hostile Takeover,4.7, (237),1h 29m
102. The Equalizer,7.3, (451K),2h 12m
103. Reptile,6.8, (105K),2h 14m
104. Flight Risk,5.2, (32K),1h 31m
105. Fargo,8.1, (763K),1h 38m
106. King Ivory,6.2, (342),2h 10m
107. The Hateful Eight,7.8, (700K),2h 48m
108. Wolfs,6.5, (92K),1h 48m
109. Wind River,7.7, (300K),1h 47m
110. The Fugitive,7.8, (337K),2h 10m
111. Trap,5.8, (148K),1h 45m
112. Cape Fear,7.3, (232K),2h 8m
113. Game Night,6.9, (268K),1h 40m
114. The Guilty,6.3, (166K),1h 30m
115. Glass Onion,7.1, (483K),2h 19m
116. The Killer,6.7, (214K),1h 58m
117. Collateral,7.5, (455K),2h
118. Woman of the Hour,6.6, (67K),1h 35m
119. The Irishman,7.8, (458K),3h 29m
120. A Clockwork Orange,8.2, (918K),2h 16m
121. Minority Report,7.6, (608K),2h 25m
122. MaXXXine,6.2, (77K),1h 43m
123. Nightcrawler,7.8, (645K),1h 57m
124. Ocean's Eleven,7.7, (654K),1h 56m
125. The Dry,6.8, (38K),1h 57m
126. L.A. Confidential,8.2, (646K),2h 18m
127. The Invisible Guest,8.0, (205K),1h 46m
128. Taken,7.7, (660K),1h 30m
129. Hit Man,6.8, (120K),1h 55m
130. Trainspotting,8.1, (755K),1h 33m
131. The Italian Job,7.0, (401K),1h 51m
132. Jolt,5.6, (38K),1h 31m
133. Mystic River,7.9, (508K),2h 18m
134. White Chicks,5.9, (182K),1h 49m
135. Spotlight,8.1, (523K),2h 9m
137. The Girl with the Dragon Tattoo,7.8, (518K),2h 38m
138. Anatomy of a Fall,7.6, (180K),2h 31m
139. The Lincoln Lawyer,7.3, (264K),1h 58m
140. Burn After Reading,7.0, (367K),1h 36m
141. Once Upon a Time in America,8.3, (399K),3h 49m
142. Rush Hour,7.0, (316K),1h 38m
143. West Side Story,7.1, (103K),2h 36m
144. Sin City,8.0, (811K),2h 4m
146. Girl in the Basement,6.3, (17K),1h 28m
147. Inside,6.3, (684),1h 44m
148. Hell or High Water,7.6, (268K),1h 42m
149. Deep Water,5.5, (67K),1h 55m
150. Den of Thieves: Pantera,6.3, (37K),2h 24m
151. American Gangster,7.8, (475K),2h 37m
152. True Romance,7.9, (255K),1h 59m
153. Another Simple Favor,5.3, (27K),2h
154. Papillon,7.2, (93K),2h 13m
155. 21 Jump Street,7.2, (628K),1h 49m
156. The Fast and the Furious,6.8, (443K),1h 46m
157. Blood Brothers: Bara Naga,7.4, (1.1K),2h 9m
158. A Widow's Game,6.2, (6.3K),2h 2m
159. Bad Boys: Ride or Die,6.5, (105K),1h 55m
160. Abigail,6.5, (103K),1h 49m
"161. Lock, Stock and Two Smoking Barrels",8.1, (639K),1h 47m
162. John Wick: Chapter 2,7.4, (551K),2h 2m
163. Wanted,6.7, (422K),1h 50m
164. Training Day,7.8, (501K),2h 2m
165. American Hustle,7.2, (512K),2h 18m
166. The Nice Guys,7.4, (400K),1h 56m
167. The Bikeriders,6.6, (71K),1h 56m
168. The Outsiders,7.0, (106K),1h 31m
169. The Equalizer 3,6.8, (151K),1h 49m
170. The Godfather Part III,7.6, (443K),2h 42m
171. Killer Elite,6.4, (139K),1h 56m
172. Blow,7.5, (284K),2h 4m
173. From Dusk Till Dawn,7.2, (359K),1h 48m
174. Cure,7.5, (32K),1h 51m
175. Now You See Me 2,6.4, (343K),2h 9m
176. Lethal Weapon,7.6, (289K),1h 49m
177. Fantastic Mr. Fox,7.9, (291K),1h 27m
178. Fast X,5.7, (139K),2h 21m
179. Gone Baby Gone,7.6, (304K),1h 54m
180. The Unbearable Weight of Massive Talent,7.0, (173K),1h 47m
181. John Wick: Chapter 3 - Parabellum,7.4, (462K),2h 10m
182. A Bronx Tale,7.8, (176K),2h 1m
183. American Made,7.1, (224K),1h 55m
184. Perfect Blue,8.0, (111K),1h 21m
185. Con Air,6.9, (333K),1h 55m
186. The Longest Yard,6.4, (205K),1h 53m
187. El Camino,7.3, (322K),2h 2m
188. The Devil All the Time,7.1, (163K),2h 18m
189. The Other Guys,6.7, (302K),1h 47m
190. Gangs of New York,7.5, (492K),2h 47m
191. Blind Spot,5.8, (700),1h 31m
192. The Untouchables,7.8, (346K),1h 59m
193. Kick-Ass,7.6, (612K),1h 57m
194. Sleeping Dogs,6.2, (23K),1h 50m
195. Mr. & Mrs. Smith,6.5, (574K),2h
196. War Dogs,7.1, (283K),1h 54m
197. In the Shadow of the Moon,6.2, (65K),1h 55m
198. The Rainmaker,7.2, (88K),2h 15m
199. Legend,6.9, (217K),2h 12m
200. A Most Wanted Man,6.7, (83K),2h 2m
201. The Girl with the Needle,7.5, (16K),2h 3m
202. Man on Fire,7.7, (406K),2h 26m
203. Sicario: Day of the Soldado,7.1, (183K),2h 2m
204. Jackie Brown,7.5, (393K),2h 34m
206. Maalik,6.8, (9K),2h 29m
207. Sabotage,5.7, (68K),1h 49m
208. Animal,6.1, (109K),3h 24m
209. Clue,7.3, (118K),1h 34m
210. The Pale Blue Eye,6.6, (135K),2h 8m
211. The Equalizer 2,6.7, (220K),2h 1m
212. In Bruges,7.9, (483K),1h 47m
213. Red Rooms,7.1, (17K),1h 58m
214. Inferno,6.2, (198K),2h 1m
215. Den of Thieves,7.0, (147K),2h 20m
217. The Crow,7.5, (225K),1h 42m
218. My Cousin Vinny,7.6, (152K),2h
219. La haine,8.1, (216K),1h 38m
220. A Simple Favor,6.7, (186K),1h 57m
221. The Thicket,5.8, (4.4K),1h 48m
222. Red Dragon,7.2, (305K),2h 4m
223. The Blues Brothers,7.9, (224K),2h 13m
"224. O Brother, Where Art Thou?",7.7, (344K),1h 47m
225. In the Land of Saints and Sinners,6.4, (28K),1h 46m
226. The Talented Mr. Ripley,7.4, (264K),2h 19m
227. Holland,5.0, (15K),1h 50m
228. Law Abiding Citizen,7.4, (337K),1h 49m
229. Inside Man,7.6, (416K),2h 9m
230. Lurker,7.2, (246),1h 40m
231. Murder Mystery,6.1, (183K),1h 37m
232. Weekend at Bernie's,6.4, (66K),1h 37m
235. High and Low,8.4, (63K),2h 23m
236. The Gambler,6.0, (76K),1h 51m
237. Sleepers,7.5, (247K),2h 27m
238. Despicable Me,7.6, (616K),1h 35m
239. Logan Lucky,7.0, (173K),1h 58m
240. Crash,7.7, (457K),1h 52m
241. Maharaja,8.4, (73K),2h 21m
242. Disturbia,6.8, (268K),1h 45m
243. The Fast and the Furious: Tokyo Drift,6.1, (320K),1h 44m
244. Ghost in the Shell,6.3, (236K),1h 47m
245. Under the Silver Lake,6.5, (57K),2h 19m
246. The Judge,7.4, (215K),2h 21m
247. The Weekend Away,5.7, (34K),1h 29m
248. Slumdog Millionaire,8.0, (899K),2h
249. Falling Down,7.6, (219K),1h 53m
250. Raid 2,6.7, (31K),2h 25m
251. The Unforgivable,7.1, (125K),1h 52m
252. After Hours,7.6, (90K),1h 37m
253. Big Hero 6,7.8, (536K),1h 42m
254. Don't Breathe,7.1, (321K),1h 28m
255. The Little Things,6.3, (136K),2h 8m
256. The Crow,4.7, (38K),1h 51m
257. Kiss the Girls,6.6, (97K),1h 55m
258. Kill Bill: Vol. 2,8.0, (845K),2h 17m
260. End of Watch,7.6, (284K),1h 49m
261. Despicable Me 4,6.2, (70K),1h 34m
262. Molly's Game,7.4, (198K),2h 20m
263. Deja Vu,7.1, (340K),2h 6m
264. Fracture,7.2, (229K),1h 53m
265. Finestkind,6.1, (12K),2h 6m
266. Black Mass,6.8, (199K),2h 3m
267. Maargan,6.8, (2.4K),2h 12m
268. Cruella,7.3, (285K),2h 14m
269. The Place Beyond the Pines,7.3, (303K),2h 20m
270. Thief,7.4, (45K),2h 3m
271. Love Lies Bleeding,6.6, (60K),1h 44m
272. Murder on the Orient Express,6.5, (313K),1h 54m
273. Maze,5.9, (3.7K),1h 32m
274. A History of Violence,7.4, (267K),1h 36m
276. Donnie Brasco,7.7, (348K),2h 7m
277. Chicago,7.2, (252K),1h 53m
278. The House That Jack Built,6.8, (101K),2h 32m
279. Monkey Man,6.8, (95K),2h 1m
280. The Mule,7.0, (163K),1h 56m
281. Sound of Freedom,7.6, (133K),2h 11m
282. Bad Boys,6.8, (308K),1h 59m
283. Dog Day Afternoon,8.0, (284K),2h 5m
284. Monster,7.3, (169K),1h 49m
285. No Way Out,7.1, (53K),1h 54m
286. Miss Congeniality,6.3, (242K),1h 49m
287. Blow Out,7.4, (71K),1h 48m
288. Ocean's Eight,6.3, (255K),1h 50m
289. Polar,6.3, (104K),1h 58m
290. Force of Nature: The Dry 2,5.9, (7.9K),2h
291. Hannibal,6.8, (307K),2h 11m
292. Rush Hour 2,6.7, (253K),1h 30m
293. Chopper,7.1, (43K),1h 34m
294. Big Trouble,6.4, (22K),1h 25m
295. Enola Holmes,6.6, (236K),2h 3m
296. Raising Arizona,7.3, (157K),1h 34m
297. Face/Off,7.3, (418K),2h 18m
298. Kingsman: The Golden Circle,6.7, (391K),2h 21m
299. Beverly Hills Cop,7.4, (226K),1h 45m
300. Long Gone Heroes,5.1, (1.5K),1h 41m
301. A Haunting in Venice,6.5, (134K),1h 43m
302. Homefront,6.5, (138K),1h 40m
303. Forgotten,7.4, (56K),1h 48m
304. Escape from Alcatraz,7.5, (160K),1h 52m
305. Red,7.0, (334K),1h 51m
306. Good Time,7.3, (149K),1h 42m
307. The Hitman's Bodyguard,6.9, (258K),1h 58m
308. The Sting,8.2, (293K),2h 9m
309. Lawless,7.2, (260K),1h 56m
310. Public Enemies,6.9, (330K),2h 20m
311. Mob Land,5.3, (4K),1h 52m
313. Gyanvapi Files: A Tailor's Murder Story,6.7, (1K),2h 5m
314. Emilia Pérez,5.4, (93K),2h 12m
315. Original Sin,6.0, (62K),1h 56m
316. Michael Clayton,7.2, (180K),1h 59m
317. The Assassination of Jesse James by the Coward Robert Ford,7.5, (200K),2h 40m
318. Ghost in the Shell,7.9, (167K),1h 23m
319. The American,6.3, (105K),1h 45m
320. To Catch a Killer,6.6, (53K),1h 59m
321. Inherent Vice,6.6, (115K),2h 28m
322. Weird: The Al Yankovic Story,6.8, (46K),1h 48m
323. Extraction,6.8, (282K),1h 56m
324. Witness for the Prosecution,8.4, (153K),1h 56m
325. Baywatch,5.5, (213K),1h 56m
326. Fast Five,7.3, (424K),2h 10m
327. Cocaine Bear,5.9, (122K),1h 35m
328. Labor Day,6.9, (55K),1h 51m
329. Death on the Nile,6.3, (204K),2h 7m
330. Natural Born Killers,7.2, (262K),1h 59m
331. Horrible Bosses,6.9, (482K),1h 38m
332. The Poughkeepsie Tapes,5.9, (29K),1h 21m
333. Carlito's Way,7.9, (242K),2h 24m
334. Captain Phillips,7.8, (511K),2h 14m
335. Dirty Harry,7.7, (177K),1h 42m
336. Dredd,7.1, (307K),1h 35m
337. Layer Cake,7.2, (204K),1h 45m
338. Lolita,7.5, (113K),2h 33m
339. In the Name of the Father,8.1, (198K),2h 13m
340. Traffic,7.5, (226K),2h 27m
341. To Kill a Mockingbird,8.3, (346K),2h 9m
342. The Warriors,7.5, (116K),1h 33m
343. Funny Games,7.5, (92K),1h 48m
344. Dog Man,6.3, (11K),1h 29m
345. Thelma & Louise,7.6, (186K),2h 10m
346. Decision to Leave,7.3, (63K),2h 19m
347. Miller's Crossing,7.7, (147K),1h 55m
348. The Instigators,6.2, (40K),1h 41m
349. Infinity Pool,6.0, (70K),1h 57m
350. Papillon,8.0, (143K),2h 31m
351. Cars 2,6.2, (242K),1h 46m
352. Night Hunter,6.0, (30K),1h 38m
353. Focus,6.6, (289K),1h 45m
354. The Girl Next Door,6.5, (31K),1h 31m
355. Gangs of Wasseypur,8.2, (109K),5h 21m
356. 3:10 to Yuma,7.6, (345K),2h 2m
357. Seven Psychopaths,7.1, (283K),1h 50m
358. Lord of War,7.6, (352K),2h 2m
359. Mississippi Burning,7.8, (123K),2h 8m
360. The Transporter,6.8, (333K),1h 32m
361. Nightmare Alley,7.0, (177K),2h 30m
362. The Boondock Saints,7.6, (259K),1h 48m
363. The Good Nurse,6.8, (87K),2h 1m
364. Extraction II,7.0, (166K),2h 2m
365. Charlie's Angels,5.6, (203K),1h 38m
366. Who Framed Roger Rabbit,7.7, (228K),1h 44m
367. Manhunter,7.2, (88K),2h
368. The Last Stop in Yuma County,6.9, (22K),1h 30m
369. Masterminds,5.8, (64K),1h 35m
370. Sexy Beast,7.3, (74K),1h 29m
371. Out of the Furnace,6.7, (130K),1h 56m
372. Batman Returns,7.1, (343K),2h 6m
373. Double Jeopardy,6.5, (101K),1h 45m
374. Burn,5.7, (8.4K),1h 28m
375. Freedom Writers,7.6, (91K),2h 3m
376. Fallen,7.0, (99K),2h 4m
377. BlacKkKlansman,7.5, (305K),2h 15m
378. The Best Offer,7.8, (134K),2h 11m
379. The Punisher,6.4, (177K),2h 4m
380. Shot Caller,7.3, (109K),2h 1m
382. Deadly Illusions,3.8, (14K),1h 54m
383. Adventures in Babysitting,6.9, (52K),1h 42m
384. Awake,6.5, (84K),1h 24m
385. Barron's Cove,6.1, (549),1h 56m
386. She Said,7.3, (48K),2h 9m
387. Road to Perdition,7.7, (295K),1h 57m
388. Appaloosa,6.7, (67K),1h 55m
389. The Secret Agent,7.8, (708),2h 38m
390. Eastern Promises,7.6, (272K),1h 40m
391. The Basketball Diaries,7.3, (128K),1h 42m
392. I Care a Lot,6.4, (155K),1h 58m
393. 2 Fast 2 Furious,5.9, (314K),1h 47m
394. Running Scared,7.3, (106K),2h 2m
395. Dogville,8.0, (165K),2h 51m
396. iHostage,5.7, (11K),1h 40m
397. Vengeance: A Love Story,5.2, (9.6K),1h 39m
398. Lucky Baskhar,8.0, (36K),2h 28m
399. It Was Just an Accident,7.6, (630),1h 45m
400. Lucky Number Slevin,7.7, (334K),1h 50m
401. Spiderhead,5.5, (71K),1h 46m
402. Kindergarten Cop,6.3, (171K),1h 51m
403. Before the Devil Knows You're Dead,7.3, (118K),1h 57m
404. RocknRolla,7.2, (272K),1h 54m
405. F9: The Fast Saga,5.2, (174K),2h 23m
406. The Substitute,6.1, (17K),1h 54m
407. Side Effects,7.1, (202K),1h 46m
408. Pushpa: The Rule - Part 2,6.1, (60K),3h 21m
409. Sin City: A Dame to Kill For,6.5, (176K),1h 42m
411. Chungking Express,7.9, (106K),1h 42m
412. A Fish Called Wanda,7.5, (162K),1h 48m
413. Wild at Heart,7.2, (109K),2h 5m
414. Wild Things,6.6, (138K),1h 48m
415. Beverly Hills Cop: Axel F,6.4, (83K),1h 58m
416. The Bone Collector,6.7, (196K),1h 58m
417. Luther: The Fallen Sun,6.4, (70K),2h 9m
418. Dolores Claiborne,7.4, (51K),2h 12m
419. Breakdown,7.0, (67K),1h 33m
420. 21,6.8, (276K),2h 3m
421. Austin Powers in Goldmember,6.3, (230K),1h 34m
422. Austin Powers: The Spy Who Shagged Me,6.7, (258K),1h 35m
423. Kiss Kiss Bang Bang,7.5, (245K),1h 43m
424. 22 Jump Street,7.0, (427K),1h 52m
"425. The Gangster, the Cop, the Devil",7.0, (30K),1h 49m
426. High Rollers,3.8, (1.4K),1h 41m
428. Ocean's Twelve,6.5, (430K),2h 5m
429. Gone in 60 Seconds,6.5, (305K),1h 58m
430. Butch Cassidy and the Sundance Kid,8.0, (234K),1h 50m
431. Ronin,7.2, (204K),2h 2m
432. Army of the Dead,5.8, (197K),2h 28m
433. Lou,6.1, (37K),1h 47m
434. The Drop,7.0, (167K),1h 46m
435. The Raid: Redemption,7.6, (226K),1h 41m
436. Top Secret!,7.2, (79K),1h 30m
437. M,8.3, (179K),1h 39m
438. Minions,6.4, (276K),1h 31m
440. Teenage Mutant Ninja Turtles: Mutant Mayhem,7.2, (75K),1h 39m
441. Hitman's Wife's Bodyguard,6.1, (116K),1h 40m
442. Heathers,7.1, (124K),1h 43m
443. In the Line of Fire,7.2, (120K),2h 8m
444. Pineapple Express,6.9, (367K),1h 51m
445. K.G.F: Chapter 2,8.2, (161K),2h 46m
446. Pain & Gain,6.4, (237K),2h 9m
447. Absolution,5.2, (9.5K),1h 52m
448. Bad Times at the El Royale,7.1, (175K),2h 21m
449. The Client,6.7, (78K),1h 59m
450. The Girl Who Escaped: The Kara Robinson Story,6.2, (5.9K),1h 28m
451. Boyz n the Hood,7.8, (164K),1h 52m
452. Perfume: The Story of a Murderer,7.5, (274K),2h 27m
453. Jaat,6.0, (11K),2h 38m
454. Crank,6.9, (273K),1h 28m
455. On the Waterfront,8.1, (174K),1h 48m
456. Malignant,6.2, (118K),1h 51m
457. The Hustle,5.5, (70K),1h 33m
458. Panic Room,6.8, (309K),1h 52m
459. Boiler Room,7.0, (59K),2h
460. The Clovehitch Killer,6.5, (39K),1h 49m
461. Birds of Prey and the Fantabulous Emancipation of One Harley Quinn,6.1, (277K),1h 49m
462. Frailty,7.2, (97K),1h 40m
463. The Seed of the Sacred Fig,7.6, (17K),2h 47m
464. Mother,7.7, (78K),2h 9m
465. Murder Mystery 2,5.7, (79K),1h 30m
466. Deliver Us from Evil,6.2, (89K),1h 58m
467. Bound,7.3, (65K),1h 49m
468. Dial M for Murder,8.2, (200K),1h 45m
469. The Call,7.1, (50K),1h 52m
470. Lethal Weapon 2,7.3, (197K),1h 54m
471. Strange Days,7.2, (83K),2h 25m
472. The Two Faces of January,6.2, (35K),1h 36m
473. Spenser Confidential,6.2, (104K),1h 51m
474. Army of Thieves,6.4, (95K),2h 7m
475. The Thomas Crown Affair,6.9, (106K),1h 53m
476. Patriots Day,7.3, (120K),2h 13m
477. The Foreigner,7.0, (129K),1h 53m
478. Bolt,6.8, (241K),1h 36m
479. Dragged Across Concrete,6.9, (60K),2h 39m
480. The Girl on the Train,6.5, (207K),1h 52m
481. Home Alone 2: Lost in New York,6.9, (433K),2h
482. Clear and Present Danger,6.9, (113K),2h 21m
483. The Infiltrator,7.0, (83K),2h 7m
484. The Fate of the Furious,6.6, (267K),2h 16m
485. The Laundromat,6.3, (57K),1h 36m
486. The A-Team,6.7, (274K),1h 57m
487. Boy Kills World,6.4, (37K),1h 51m
488. Serpico,7.7, (143K),2h 10m
489. Witness,7.4, (110K),1h 52m
490. Dressed to Kill,7.1, (54K),1h 44m
491. Following,7.4, (107K),1h 9m
492. Green Room,7.0, (149K),1h 35m
493. Phone Booth,7.1, (297K),1h 21m
494. Trauma,4.7, (3.5K),1h 46m
495. Alarum,3.3, (3.4K),1h 35m
496. The Stone,6.8, (455),2h 5m
497. Desperado,7.1, (205K),1h 44m
498. Jai Bhim,8.6, (228K),2h 44m
499. Glengarry Glen Ross,7.7, (123K),1h 40m
500. The Highwaymen,6.9, (111K),2h 12m
501. The Act of Killing,8.2, (43K),1h 57m
502. The Negotiator,7.3, (161K),2h 20m
503. Brothers,5.4, (14K),1h 29m
504. RoboCop,6.1, (246K),1h 57m
505. Wall Street,7.3, (171K),2h 6m
506. Fallen Angels,7.5, (57K),1h 39m
507. Midnight Run,7.5, (100K),2h 6m
508. The French Connection,7.7, (146K),1h 44m
509. Wicked Little Letters,7.0, (40K),1h 40m
"510. Blood In, Blood Out",7.9, (37K),3h
511. Central Intelligence,6.3, (229K),1h 47m
512. Animal Kingdom,7.2, (62K),1h 53m
513. Boneyard,4.1, (5.4K),1h 36m
514. Rush Hour 3,6.2, (194K),1h 31m
516. Body Double,6.8, (43K),1h 54m
517. Four Brothers,6.8, (165K),1h 49m
518. Get Shorty,6.9, (95K),1h 45m
519. T2 Trainspotting,7.1, (139K),1h 57m
520. Frequency,7.4, (121K),1h 58m
521. The Jackal,6.4, (130K),2h 4m
522. Despicable Me 2,7.3, (448K),1h 38m
523. Blood Simple,7.5, (111K),1h 39m
524. Rounders,7.3, (166K),2h 1m
525. Ocean's Thirteen,6.9, (380K),2h 2m
526. Last Seen Alive,5.7, (34K),1h 35m
527. Miami Vice,6.1, (128K),2h 12m
528. The Next Three Days,7.3, (213K),2h 13m
529. All the Money in the World,6.8, (95K),2h 12m
530. Bad Boys II,6.6, (283K),2h 27m
531. The Night of the Hunter,8.0, (104K),1h 32m
532. Eye for an Eye,6.2, (22K),1h 41m
533. Runaway Jury,7.1, (117K),2h 7m
534. In Secret,6.1, (10K),1h 47m
535. King of New York,6.9, (46K),1h 43m
536. The Player,7.5, (70K),2h 4m
537. The Hangover Part III,5.9, (352K),1h 40m
538. Blue Ruin,7.1, (84K),1h 30m
539. Don't Be a Menace to South Central While Drinking Your Juice in the Hood,6.5, (66K),1h 29m
540. The Devil's Own,6.2, (75K),1h 51m
541. Master,7.4, (88K),2h 59m
542. 2 Guns,6.7, (233K),1h 49m
543. Risky Business,6.8, (106K),1h 39m
544. Body Heat,7.4, (43K),1h 53m
545. Rashomon,8.1, (192K),1h 28m
546. The Bank Job,7.2, (195K),1h 51m
547. Sharper,6.7, (37K),1h 56m
548. Thunderbolt and Lightfoot,7.0, (31K),1h 55m
549. Richard Jewell,7.5, (104K),2h 11m
550. Go,7.2, (78K),1h 42m
551. Pain Hustlers,6.6, (53K),2h 3m
552. What Happened to Monday,6.8, (141K),2h 3m
553. Bronson,7.0, (146K),1h 32m
554. Streets of Fire,6.7, (26K),1h 33m
555. Hitman,6.2, (184K),1h 34m
556. The Adjustment Bureau,7.0, (278K),1h 46m
557. A Prophet,7.8, (106K),2h 35m
558. Untold,4.1, (201),1h 47m
559. It's a Mad Mad Mad Mad World,7.5, (50K),3h 30m
560. Rambo: Last Blood,6.1, (116K),1h 29m
561. Hackers,6.2, (79K),1h 45m
562. John Q,7.1, (150K),1h 56m
563. House of Gucci,6.6, (170K),2h 38m
564. Grosse Pointe Blank,7.3, (103K),1h 47m
565. Pink Flamingos,6.0, (30K),1h 33m
566. Double Indemnity,8.3, (176K),1h 47m
567. The Rivals of Amziah King,8.3, (159),2h 10m
568. Out of Sight,7.0, (104K),2h 3m
569. Chappie,6.8, (279K),2h
570. The Woman in the Window,5.7, (88K),1h 40m
571. See How They Run,6.5, (71K),1h 38m
572. Honest Thief,6.0, (62K),1h 39m
573. Green Street Hooligans,7.4, (168K),1h 49m
574. Point Break,5.3, (68K),1h 54m
575. The Chaser,7.8, (78K),2h 5m
576. Funny Games,6.5, (108K),1h 51m
577. Cool Hand Luke,8.0, (195K),2h 7m
578. The Ghost Writer,7.2, (175K),2h 8m
579. Taken 2,6.2, (333K),1h 32m
580. Despicable Me 3,6.3, (172K),1h 29m
581. Ghost Killer,6.3, (455),1h 45m
582. Ambulance,6.1, (109K),2h 16m
583. Enola Holmes 2,6.8, (112K),2h 9m
584. Changeling,7.7, (272K),2h 21m
585. Entrapment,6.3, (128K),1h 53m
586. Once Upon a Time in Mexico,6.3, (174K),1h 42m
587. Department Q: The Keeper of Lost Causes,7.2, (35K),1h 36m
588. Street Kings,6.8, (125K),1h 49m
589. Halloween,6.5, (180K),1h 46m
590. 21 Grams,7.6, (251K),2h 4m
591. The Girl with the Dragon Tattoo,7.8, (228K),2h 32m
592. Emily the Criminal,6.7, (65K),1h 37m
593. Almost Cops,4.9, (2.7K),1h 35m
594. Daredevil,5.3, (238K),1h 43m
595. The Losers,6.2, (110K),1h 37m
596. Drishyam,8.2, (103K),2h 43m
597. The King of Comedy,7.8, (127K),1h 49m
598. Megamind vs. The Doom Syndicate,2.5, (5.8K),1h 23m
600. Capote,7.3, (147K),1h 54m
