Rating,Genre,Movie,Voting_counts,Total_hours
6.3,Action,Freaky Tales,9400,1.7833333333333332
9.3,Action,Mahavatar Narsimha,26000,2.1666666666666665
6.5,Action,Gladiator II,267000,2.466666666666667
6.8,Action,The Ministry of Ungentlemanly Warfare,143000,2.033333333333333
6.8,Action,Kingdom of the Planet of the Apes,158000,2.4166666666666665
8.5,Action,Dune: Part Two,656000,2.7666666666666666
7.5,Action,Deadpool & Wolverine,519000,2.1333333333333333
5.5,Action,Kraven the Hunter,69000,2.1166666666666667
6.4,Action,Fight or Flight,17000,1.7
6.5,Action,Carry-On,177000,1.9833333333333334
7.6,Action,The Count of Monte-Cristo,39000,2.966666666666667
7.0,Action,Civil War,248000,1.8166666666666667
6.5,Action,40 Acres,2900,1.8833333333333333
6.5,Action,Twisters,181000,2.033333333333333
6.9,Action,Sonic the Hedgehog 3,69000,1.8333333333333335
5.7,Action,William Tell,4200,2.2333333333333334
6.3,Action,The Beekeeper,166000,1.75
6.8,Action,The Fall Guy,232000,2.1
6.8,Action,Rebel Ridge,94000,2.183333333333333
5.5,Action,The Unholy Trinity,2800,1.5833333333333335
6.2,Action,Road House,173000,2.0166666666666666
7.5,Action,Furiosa: A Mad Max Saga,297000,2.466666666666667
7.3,Action,Relay,182,1.8666666666666667
6.0,Action,Venom: The Last Dance,136000,1.8333333333333335
4.8,Action,River of Blood,2300,1.4333333333333333
6.6,Action,Land of Bad,54000,1.8833333333333333
4.1,Action,Madame Web,105000,1.9333333333333333
7.6,Action,Transformers One,57000,1.7333333333333334
6.5,Action,Bad Boys: Ride or Die,105000,1.9166666666666665
6.5,Action,Abigail,102000,1.8166666666666667
6.0,Action,Godzilla x Kong: The New Empire,126000,1.9166666666666665
4.5,Action,Dirty Angels,4700,1.7333333333333334
4.7,Action,Borderlands,52000,1.6833333333333333
5.6,Action,Argylle,95000,2.3166666666666664
8.4,Action,Maharaja,73000,2.35
4.7,Action,The Crow,38000,1.85
5.4,Action,Drive-Away Dolls,25000,1.4
6.8,Action,Monkey Man,95000,2.0166666666666666
6.3,Action,The Lord of the Rings: The War of the Rohirrim,35000,2.2333333333333334
6.3,Action,Red One,144000,2.05
5.1,Action,Long Gone Heroes,1500,1.6833333333333333
5.6,Action,Elevation,26000,1.5166666666666666
6.3,Action,Kung Fu Panda 4,72000,1.5666666666666667
6.2,Action,The Instigators,40000,1.6833333333333333
5.7,Action,The Killer,15000,2.1
5.4,Action,Canary Black,13000,1.6833333333333333
6.4,Action,Cloud,2200,2.066666666666667
6.1,Action,Damsel,113000,1.8333333333333335
6.1,Action,Pushpa: The Rule - Part 2,60000,3.35
6.4,Action,Beverly Hills Cop: Axel F,83000,1.9666666666666668
6.0,adventure,Jurassic World: Rebirth,103000,2.216666666666667
7.3,adventure,The Fantastic Four: First Steps,113000,1.9
7.5,adventure,Superman,204000,2.15
7.7,adventure,KPop Demon Hunters,51000,1.5833333333333335
7.9,adventure,How to Train Your Dragon,83000,2.0833333333333335
7.2,adventure,Thunderbolts*,176000,2.1166666666666667
7.2,adventure,The Bad Guys 2,4400,1.7333333333333334
7.4,adventure,Mission: Impossible - The Final Reckoning,118000,2.8166666666666664
7.2,adventure,Sketch,1400,1.55
8.2,adventure,Jurassic Park,1100000,2.1166666666666667
6.8,adventure,Mickey 17,186000,2.283333333333333
6.8,adventure,Lilo & Stitch,60000,1.8
8.7,adventure,Interstellar,2400000,2.8166666666666664
8.1,adventure,Ne Zha II,14000,2.3833333333333333
5.6,adventure,A Minecraft Movie,131000,1.6833333333333333
5.1,adventure,Red Sonja,477,1.8333333333333335
7.3,adventure,No Time to Die,470000,2.716666666666667
8.8,adventure,Inception,2700000,2.466666666666667
6.6,adventure,War of the Worlds,495000,1.95
5.7,adventure,Fantastic Four,366000,1.7666666666666666
7.7,adventure,Apollo 13,329000,2.3333333333333335
8.9,adventure,The Lord of the Rings: The Fellowship of the Ring,2100000,2.966666666666667
8.5,adventure,Gladiator,1800000,2.5833333333333335
6.7,adventure,The Gorge,139000,2.1166666666666667
8.4,adventure,Inglourious Basterds,1700000,2.55
6.9,adventure,The Bad Guys,71000,1.6666666666666665
7.7,adventure,Harry Potter and the Sorcerer's Stone,914000,2.533333333333333
5.6,adventure,Jurassic World: Dominion,234000,2.45
5.1,adventure,The Old Guard 2,36000,1.7833333333333332
5.4,adventure,Gods of Egypt,132000,2.1166666666666667
8.1,adventure,Jaws,710000,2.066666666666667
8.5,adventure,Back to the Future,1400000,1.9333333333333333
2.1,adventure,Snow White,385000,1.8166666666666667
6.8,adventure,Barbie,621000,1.9
6.9,adventure,Jurassic World,713000,2.066666666666667
8.2,adventure,Spider-Man: No Way Home,970000,2.466666666666667
5.7,adventure,Fountain of Youth,41000,2.0833333333333335
5.6,adventure,Captain America: Brave New World,158000,1.9666666666666668
7.2,adventure,The Hunger Games,1100000,2.3666666666666667
8.4,adventure,Avengers: Endgame,1400000,3.0166666666666666
5.2,adventure,The 5th Wave,123000,1.8666666666666667
8.2,adventure,The Wild Robot,192000,1.7
6.6,adventure,The Lost World: Jurassic Park,467000,2.15
8.0,adventure,Dune: Part One,972000,2.5833333333333335
7.1,adventure,Man of Steel,849000,2.3833333333333333
7.4,adventure,Ne Zha,16000,1.8333333333333335
7.5,adventure,Predator: Killer of Killers,42000,1.4166666666666667
7.9,adventure,Guardians of the Galaxy Vol,442000,2.5
7.4,adventure,Spider-Man,934000,2.0166666666666666
7.3,adventure,Megamind,314000,1.5833333333333335
7.3,adventure,Kingdom of Heaven,339000,2.4
8.5,adventure,Spider-Man: Across the Spider-Verse,474000,2.3333333333333335
7.8,adventure,Rogue One: A Star Wars Story,734000,2.216666666666667
8.4,adventure,Avengers: Infinity War,1300000,2.4833333333333334
6.7,adventure,The Parent Trap,167000,2.1333333333333333
7.5,adventure,Avatar: The Way of Water,543000,3.2
4.3,adventure,Smurfs,3600,1.4833333333333334
8.0,adventure,Guardians of the Galaxy,1300000,2.0166666666666666
6.1,adventure,Jurassic World: Fallen Kingdom,369000,2.1333333333333333
6.0,adventure,Jurassic Park III,360000,1.5333333333333332
9.0,adventure,The Lord of the Rings: The Return of the King,2100000,3.35
8.4,adventure,Raiders of the Lost Ark,1100000,1.9166666666666665
7.7,adventure,The Goonies,317000,1.9
7.6,adventure,Die Hard with a Vengeance,423000,2.1333333333333333
7.6,adventure,Mission: Impossible - Dead Reckoning Part One,307000,2.716666666666667
8.6,adventure,Spirited Away,925000,2.066666666666667
6.4,adventure,Batman v Superman: Dawn of Justice,778000,2.5166666666666666
8.8,adventure,"The Good, the Bad and the Ugly",865000,2.966666666666667
5.7,adventure,Journey 2: The Mysterious Island,118000,1.5666666666666667
7.0,adventure,The Northman,285000,2.283333333333333
8.0,adventure,The Incredibles,867000,1.9166666666666665
8.0,adventure,The Princess Bride,472000,1.6333333333333333
7.2,adventure,The Suicide Squad,440000,2.2
7.9,adventure,Avatar,1400000,2.7
7.8,adventure,Everything Everywhere All at Once,589000,2.3166666666666664
5.9,adventure,The Electric State,74000,2.0833333333333335
7.9,adventure,Flow,91000,1.4166666666666667
8.1,adventure,Stand by Me,470000,1.4833333333333334
8.6,adventure,Star Wars: Episode IV - A New Hope,1500000,2.0166666666666666
7.1,adventure,Transformers,702000,2.4
5.6,adventure,Zombies 4: Dawn of the Vampires,2600,1.4333333333333333
8.0,adventure,Zootopia,589000,1.8
6.9,adventure,Elio,13000,1.6333333333333333
8.6,adventure,Terminator 2: Judgment Day,1200000,2.283333333333333
5.8,adventure,Journey to the Center of the Earth,137000,1.55
5.6,adventure,Fantastic Four: Rise of the Silver Surfer,293000,1.5333333333333332
7.4,adventure,Spider-Man: Homecoming,768000,2.216666666666667
8.4,adventure,Spider-Man: Into the Spider-Verse,746000,1.95
8.0,adventure,The Martian,977000,2.4
8.2,adventure,Indiana Jones and the Last Crusade,846000,2.1166666666666667
8.4,adventure,Aliens,816000,2.283333333333333
7.3,adventure,Troy,599000,2.716666666666667
5.6,adventure,Dolittle,76000,1.6833333333333333
4.8,adventure,Ice Road: Vengeance,5700,1.8666666666666667
7.9,adventure,Iron Man,1200000,2.1
8.3,adventure,2001: A Space Odyssey,761000,2.4833333333333334
6.5,adventure,Idiocracy,204000,1.4
7.5,adventure,Back to the Future Part III,505000,1.9666666666666668
8.8,adventure,The Lord of the Rings: The Two Towers,1900000,2.9833333333333334
6.6,adventure,The Tomorrow War,245000,2.3
7.9,adventure,Edge of Tomorrow,782000,1.8833333333333333
6.6,adventure,The Flash,239000,2.4
8.1,adventure,Mad Max: Fury Road,1200000,2.0
7.1,adventure,The Mummy,487000,2.066666666666667
7.3,adventure,Cars,512000,1.9333333333333333
7.0,adventure,Prometheus,682000,2.066666666666667
6.3,adventure,Uncharted,288000,1.9333333333333333
7.0,adventure,Independence Day,633000,2.4166666666666665
7.6,adventure,The Fifth Element,531000,2.1
7.7,adventure,Harry Potter and the Goblet of Fire,726000,2.6166666666666667
7.3,adventure,Avengers: Age of Ultron,971000,2.35
8.5,adventure,The Lion King,1200000,1.4666666666666668
6.7,adventure,Wyatt Earp,58000,3.183333333333333
7.1,adventure,Prey,256000,1.6666666666666665
7.9,adventure,Almost Famous,307000,2.033333333333333
7.1,adventure,Tommy Boy,102000,1.6166666666666667
6.9,adventure,Game Night,268000,1.6666666666666665
8.1,adventure,The Terminator,975000,1.7833333333333332
8.1,adventure,Harry Potter and the Deathly Hallows: Part 2,1000000,2.1666666666666665
6.8,adventure,Annihilation,384000,1.9166666666666665
8.1,adventure,Ratatouille,901000,1.85
4.7,adventure,In the Lost Lands,11000,1.6833333333333333
7.5,adventure,Spider-Man 2,757000,2.1166666666666667
8.2,adventure,Finding Nemo,1200000,1.6666666666666665
8.0,adventure,Casino Royale,724000,2.4
5.0,adventure,The Happening,224000,1.5166666666666666
7.7,adventure,Kingsman: The Secret Service,759000,2.15
6.9,adventure,Captain America: The First Avenger,943000,2.066666666666667
7.9,adventure,E,458000,1.9166666666666665
7.8,adventure,The Hobbit: An Unexpected Journey,909000,2.8166666666666664
7.9,adventure,Star Trek,632000,2.1166666666666667
7.7,adventure,Harry Potter and the Deathly Hallows: Part 1,639000,2.4333333333333336
7.9,adventure,Harry Potter and the Prisoner of Azkaban,738000,2.3666666666666667
6.5,adventure,Moana 2,114000,1.6666666666666665
7.2,adventure,Dungeons & Dragons: Honor Among Thieves,264000,2.2333333333333334
7.8,adventure,Predator,483000,1.7833333333333332
7.9,adventure,Zack Snyder's Justice League,462000,4.033333333333333
6.3,adventure,Spider-Man 3,678000,2.3166666666666664
7.3,adventure,Men in Black,646000,1.6333333333333333
8.0,adventure,Into the Wild,684000,2.466666666666667
6.5,adventure,Star Wars: Episode I - The Phantom Menace,903000,2.2666666666666666
7.7,adventure,Mission: Impossible - Fallout,407000,2.45
5.9,adventure,Suicide Squad,746000,2.05
6.8,adventure,Hook,284000,2.3666666666666667
7.1,adventure,Iron Man 3,941000,2.1666666666666665
6.2,adventure,Eternals,414000,2.6
7.5,adventure,Total Recall,372000,1.8833333333333333
7.3,adventure,Black Panther,885000,2.2333333333333334
7.2,adventure,Mission: Impossible,504000,1.8333333333333335
7.8,adventure,Apocalypto,348000,2.3166666666666664
7.3,adventure,The Secret Life of Walter Mitty,360000,1.9
7.0,adventure,Jumanji: Welcome to the Jungle,485000,1.9833333333333334
8.0,adventure,The Revenant,919000,2.6
8.7,adventure,Star Wars: Episode V - The Empire Strikes Back,1500000,2.066666666666667
6.7,adventure,Armageddon,469000,2.5166666666666666
7.5,adventure,Harry Potter and the Chamber of Secrets,738000,2.6833333333333336
6.5,adventure,Triple Frontier,156000,2.0833333333333335
7.7,adventure,Captain America: The Winter Soldier,945000,2.2666666666666666
8.3,adventure,Toy Story,1100000,1.35
7.5,adventure,The Hunger Games: Catching Fire,755000,2.4333333333333336
6.6,adventure,Mufasa: The Lion King,74000,1.9666666666666668
7.3,adventure,Speed,412000,1.9333333333333333
8.4,adventure,Coco,664000,1.75
6.5,adventure,Pirates of the Caribbean: Dead Men Tell No Tales,371000,2.15
7.1,adventure,War 2,10000,2.8333333333333335
6.5,adventure,The Day After Tomorrow,501000,2.066666666666667
7.4,adventure,Spider-Man: Far from Home,609000,2.15
6.2,adventure,The Return,11000,1.9333333333333333
7.3,adventure,The Time Masters,7100,1.3
6.9,adventure,Doctor Strange in the Multiverse of Madness,524000,2.1
7.9,adventure,Thor: Ragnarok,867000,2.1666666666666665
7.4,adventure,Ready Player One,524000,2.3333333333333335
7.0,adventure,The Super Mario Bros,274000,1.5333333333333332
7.2,adventure,Papillon,93000,2.216666666666667
7.4,adventure,Pirates of the Caribbean: Dead Man's Chest,805000,2.5166666666666666
6.6,adventure,Black Widow,461000,2.2333333333333334
6.3,adventure,Tomb Raider,236000,1.9833333333333334
6.5,adventure,Indiana Jones and the Dial of Destiny,224000,2.5666666666666664
7.8,adventure,Skyfall,756000,2.3833333333333333
6.8,adventure,Spectre,484000,2.466666666666667
6.1,adventure,Thor: Love and Thunder,442000,1.9666666666666668
8.4,adventure,WALL·E,1300000,1.6333333333333333
7.0,adventure,World War Z,761000,1.9333333333333333
7.5,adventure,Indiana Jones and the Temple of Doom,556000,1.9666666666666668
7.9,adventure,Shrek,783000,1.5
6.4,adventure,Star Wars: Episode IX - The Rise of Skywalker,525000,2.35
6.9,adventure,National Treasure,370000,2.183333333333333
6.8,adventure,Tron: Legacy,370000,2.0833333333333335
8.1,adventure,Barry Lyndon,196000,3.0833333333333335
7.5,adventure,Incredibles 2,356000,1.9666666666666668
7.2,adventure,A,333000,2.4333333333333336
7.5,adventure,Doctor Strange,854000,1.9166666666666665
8.3,adventure,Up,1200000,1.6
5.8,adventure,Ghosted,76000,1.9333333333333333
7.3,adventure,Shang-Chi and the Legend of the Ten Rings,471000,2.2
7.6,adventure,Star Wars: Episode III - Revenge of the Sith,895000,2.3333333333333335
7.4,adventure,Frozen,695000,1.7
7.7,adventure,The Count of Monte Cristo,156000,2.183333333333333
8.3,adventure,Princess Mononoke,466000,2.216666666666667
7.1,adventure,Free Guy,470000,1.9166666666666665
7.5,adventure,Inside Out 2,228000,1.6
7.6,adventure,Moana,423000,1.7833333333333332
7.0,adventure,Highlander,154000,1.9333333333333333
8.2,adventure,Howl's Moving Castle,491000,1.9833333333333334
7.1,adventure,Spaceballs,220000,1.6
7.3,adventure,Starship Troopers,338000,2.15
7.3,adventure,X-Men,679000,1.7333333333333334
7.2,adventure,The Man from U,350000,1.9333333333333333
6.5,adventure,Plane,99000,1.7833333333333332
6.9,adventure,The Magnificent Seven,239000,2.2
6.1,adventure,Mission: Impossible II,403000,2.05
7.1,adventure,Beauty and the Beast,351000,2.15
7.6,adventure,The Last of the Mohicans,200000,1.8666666666666667
7.1,adventure,Pirates of the Caribbean: At World's End,726000,2.8166666666666664
6.1,adventure,Die Another Day,236000,2.216666666666667
6.4,adventure,Now You See Me 2,343000,2.15
7.0,adventure,Holes,107000,1.95
7.9,adventure,Fantastic Mr,291000,1.45
5.7,adventure,Fast X,139000,2.35
8.1,adventure,"Monsters, Inc",1000000,1.5333333333333332
6.6,adventure,The Incredible Hulk,550000,1.8666666666666667
8.1,adventure,Inside Out,880000,1.5833333333333335
6.6,adventure,Pirates of the Caribbean: On Stranger Tides,592000,2.2666666666666666
8.1,adventure,The Wizard of Oz,455000,1.7
6.3,adventure,Napoleon,177000,2.6333333333333333
7.5,adventure,The Secret of NIMH,48000,1.3666666666666667
5.8,adventure,The Legend of Ochi,5600,1.5833333333333335
7.7,adventure,Star Wars: Episode VII - The Force Awakens,1000000,2.3
6.6,adventure,The Amazing Spider-Man 2,570000,2.3666666666666667
7.0,adventure,A Knight's Tale,213000,2.2
7.5,adventure,Batman,423000,2.1
6.7,adventure,Charlie and the Chocolate Factory,556000,1.9166666666666665
7.2,adventure,The Descent,263000,1.65
7.5,adventure,Master and Commander: The Far Side of the World,249000,2.3
7.5,adventure,Harry Potter and the Order of the Phoenix,674000,2.3
7.8,adventure,Back to the Future Part II,604000,1.8
6.8,adventure,Men in Black³,403000,1.7666666666666666
7.4,adventure,Mission: Impossible - Ghost Protocol,554000,2.2
6.6,adventure,The Bourne Legacy,323000,2.25
5.3,adventure,Fixed,927,1.45
6.7,adventure,Captain Marvel,641000,2.05
7.8,adventure,How to Train Your Dragon 2,389000,1.7
7.8,adventure,Cast Away,672000,2.3833333333333333
7.4,adventure,Mission: Impossible - Rogue Nation,436000,2.183333333333333
6.6,adventure,Divergent,509000,2.3166666666666664
6.9,adventure,Pacific Rim,549000,2.183333333333333
7.6,adventure,Deadpool 2,722000,1.9833333333333334
5.8,adventure,The Blue Lagoon,81000,1.7333333333333334
6.0,adventure,Justice League,496000,2.0
6.6,adventure,Black Panther: Wakanda Forever,339000,2.6833333333333336
6.9,adventure,Mission: Impossible III,415000,2.1
5.2,adventure,Omniscient Reader: The Prophecy,9500,1.9333333333333333
7.5,adventure,The Hunt for Red October,225000,2.25
7.0,adventure,Smokey and the Bandit,61000,1.6
7.6,adventure,Kung Fu Panda,558000,1.5333333333333332
6.7,adventure,King Arthur: Legend of the Sword,242000,2.1
6.9,adventure,Wonka,181000,1.9333333333333333
7.0,adventure,Shazam!,404000,2.2
6.7,adventure,The Creator,189000,2.216666666666667
7.0,adventure,Oblivion,575000,2.066666666666667
6.9,adventure,Solo: A Star Wars Story,399000,2.25
7.3,adventure,Hercules,271000,1.55
6.4,adventure,Tomorrowland,197000,2.1666666666666665
6.1,adventure,Superman Returns,299000,2.5666666666666664
7.0,adventure,Stargate,214000,2.0166666666666666
7.1,adventure,Jumanji,400000,1.7333333333333334
7.6,adventure,Stardust,294000,2.1166666666666667
7.7,adventure,Tangled,527000,1.6666666666666665
7.2,adventure,Fantastic Beasts and Where to Find Them,529000,2.2
6.3,adventure,Waterworld,220000,2.25
6.7,adventure,Robin Hood: Men in Tights,143000,1.7333333333333334
7.6,adventure,Harry Potter and the Half-Blood Prince,635000,2.55
6.2,adventure,Inferno,198000,2.0166666666666666
6.9,adventure,Rio,264000,1.6
8.1,adventure,My Neighbor Totoro,414000,1.4333333333333333
8.0,adventure,Big Fish,472000,2.0833333333333335
8.3,adventure,Star Wars: Episode VI - Return of the Jedi,1200000,2.183333333333333
7.8,adventure,Puss in Boots: The Last Wish,210000,1.7
8.0,adventure,Dances with Wolves,303000,3.0166666666666666
6.6,adventure,Paddington in Peru,28000,1.7666666666666666
6.7,adventure,Miss Peregrine's Home for Peculiar Children,203000,2.1166666666666667
8.3,adventure,Toy Story 3,941000,1.7166666666666668
6.1,adventure,Van Helsing,300000,2.183333333333333
5.9,adventure,The Great Wall,156000,1.7166666666666668
5.6,adventure,Aquaman and the Lost Kingdom,110000,2.066666666666667
6.3,adventure,The King's Man,190000,2.183333333333333
6.1,adventure,Mortal Kombat,199000,1.8333333333333335
6.8,adventure,Aquaman,542000,2.3833333333333333
5.4,adventure,Scooby-Doo,135000,1.4333333333333333
7.1,adventure,Gran Turismo,127000,2.2333333333333334
6.5,adventure,Night at the Museum,397000,1.8
6.0,adventure,Transformers: Rise of the Beasts,125000,2.1166666666666667
8.3,adventure,Lawrence of Arabia,332000,3.783333333333333
5.8,adventure,Jaws 2,90000,1.9333333333333333
7.4,adventure,Mud,196000,2.1666666666666665
7.7,adventure,Star Trek Into Darkness,506000,2.2
6.1,adventure,Ghostbusters: Frozen Empire,97000,1.9166666666666665
7.7,adventure,Godzilla Minus One,176000,2.066666666666667
6.9,adventure,Star Wars: Episode VIII - The Last Jedi,702000,2.533333333333333
7.9,adventure,The Blues Brothers,224000,2.216666666666667
7.8,adventure,Paddington 2,108000,1.7166666666666668
7.7,adventure,"O Brother, Where Art Thou?",344000,1.7833333333333332
7.4,adventure,The Boy and the Heron,100000,2.066666666666667
6.9,adventure,Aladdin,307000,2.1333333333333333
7.2,adventure,King Kong,462000,3.1166666666666667
7.5,adventure,Sherlock Holmes,694000,2.1333333333333333
8.2,adventure,Monty Python and the Holy Grail,592000,1.5166666666666666
6.6,adventure,The Hunger Games: Mockingjay - Part 1,530000,2.05
7.6,adventure,The Peanut Butter Falcon,116000,1.6166666666666667
7.5,adventure,The Abyss,204000,2.3333333333333335
6.5,adventure,Ad Astra,273000,2.05
7.9,adventure,X-Men: Days of Future Past,775000,2.2
6.4,adventure,Weekend at Bernie's,66000,1.6166666666666667
8.0,adventure,Blood Diamond,612000,2.3833333333333333
6.6,adventure,Star Wars: Episode II - Attack of the Clones,799000,2.3666666666666667
7.5,adventure,Ice Age,549000,1.35
6.6,adventure,Jumanji: The Next Level,308000,2.05
7.6,adventure,Despicable Me,616000,1.5833333333333335
6.6,adventure,Venom,586000,1.8666666666666667
7.3,adventure,Alita: Battle Angel,315000,2.033333333333333
7.8,adventure,The Hobbit: The Desolation of Smaug,737000,2.6833333333333336
6.7,adventure,Thor: The Dark World,759000,1.8666666666666667
7.3,adventure,Sing 2,97000,1.8333333333333335
7.3,adventure,Wonder Woman,725000,2.35
7.4,adventure,How to Train Your Dragon: The Hidden World,170000,1.7333333333333334
6.8,adventure,The Mask of Zorro,206000,2.2666666666666666
6.2,adventure,Men in Black II,422000,1.4666666666666668
7.4,adventure,The Rock,372000,2.2666666666666666
6.0,adventure,Ant-Man and the Wasp: Quantumania,257000,2.066666666666667
5.5,adventure,The Marvels,155000,1.75
7.8,adventure,RRR,181000,3.1166666666666667
5.7,adventure,Spaceman,45000,1.7833333333333332
7.3,adventure,The NeverEnding Story,166000,1.7
6.8,adventure,A Series of Unfortunate Events,228000,1.8
7.3,adventure,Excalibur,71000,2.3333333333333335
5.7,adventure,The Do-Over,55000,1.8
7.8,adventure,Big Hero 6,536000,1.7
6.6,adventure,The Beach,263000,1.9833333333333334
7.0,adventure,Chronicle,273000,1.4
6.4,adventure,Alice in Wonderland,459000,1.8
6.2,adventure,Terminator: Dark Fate,207000,2.1333333333333333
8.0,adventure,Soul,414000,1.6666666666666665
5.2,adventure,Moonfall,109000,2.1666666666666665
5.2,adventure,Transformers: The Last Knight,180000,2.5666666666666664
5.2,adventure,Return to the Blue Lagoon,23000,1.7
7.4,adventure,Galaxy Quest,187000,1.7
6.2,adventure,Despicable Me 4,70000,1.5666666666666667
7.7,adventure,First Blood,293000,1.55
7.8,adventure,Moonrise Kingdom,377000,1.5666666666666667
7.4,adventure,War for the Planet of the Apes,319000,2.3333333333333335
7.8,adventure,Willy Wonka & the Chocolate Factory,239000,1.6666666666666665
6.9,adventure,Conan the Barbarian,170000,2.15
7.8,adventure,Son of the White Mare,3300,1.4333333333333333
7.4,adventure,The Hobbit: The Battle of the Five Armies,602000,2.4
6.9,adventure,Paul,277000,1.7333333333333334
7.0,adventure,Austin Powers: International Man of Mystery,268000,1.4833333333333334
7.0,adventure,Elemental,154000,1.6833333333333333
6.6,adventure,Twister,247000,1.8833333333333333
6.9,adventure,Madagascar,464000,1.4333333333333333
7.6,adventure,Dawn of the Planet of the Apes,503000,2.1666666666666665
7.9,adventure,Life of Pi,689000,2.1166666666666667
6.9,adventure,Cinderella,200000,1.75
7.6,adventure,Toy Story 4,302000,1.6666666666666665
6.6,adventure,The Hunger Games: Mockingjay - Part 2,399000,2.283333333333333
8.3,adventure,North by Northwest,363000,2.2666666666666666
7.3,adventure,Cruella,285000,2.2333333333333334
4.9,adventure,The Ridiculous 6,57000,1.9833333333333334
7.7,adventure,The Lego Movie,406000,1.6666666666666665
7.2,adventure,A Bug's Life,330000,1.5833333333333335
5.6,adventure,Men in Black: International,156000,1.9
6.0,adventure,Joe Dirt,64000,1.5166666666666666
7.8,adventure,Serenity,312000,1.9833333333333334
7.3,adventure,The Lego Batman Movie,185000,1.7333333333333334
7.8,adventure,The Fall,124000,1.95
6.4,adventure,"Honey, I Shrunk the Kids",173000,1.55
6.0,adventure,Transformers: Revenge of the Fallen,445000,2.4833333333333334
8.1,adventure,The Iron Giant,249000,1.4333333333333333
6.3,adventure,Hotel Transylvania 3: Summer Vacation,95000,1.6166666666666667
5.8,adventure,Clash of the Titans,301000,1.7666666666666666
4.7,adventure,Virgin Territory,9800,1.6166666666666667
5.4,adventure,The Green Inferno,53000,1.6666666666666665
7.4,adventure,Luca,214000,1.5833333333333335
6.7,adventure,The Adam Project,249000,1.7666666666666666
6.8,adventure,X-Men: Apocalypse,483000,2.4
6.9,adventure,Maleficent,417000,1.6166666666666667
7.4,adventure,Shrek 2,538000,1.55
7.3,adventure,Chef,245000,1.9
6.4,adventure,Robots,170000,1.5166666666666666
5.3,adventure,The Predator,156000,1.7833333333333332
5.1,adventure,The Dukes of Hazzard,84000,1.7333333333333334
6.6,adventure,Enola Holmes,236000,2.05
7.2,adventure,The Prince of Egypt,157000,1.65
7.3,adventure,Labyrinth,159000,1.6833333333333333
7.6,adventure,Deliverance,126000,1.8166666666666667
6.7,adventure,Kingsman: The Golden Circle,391000,2.35
7.7,adventure,Mulan,336000,1.45
5.6,adventure,Rebel Moon - Part One: A Child of Fire,137000,2.216666666666667
7.8,adventure,Isle of Dogs,203000,1.6833333333333333
7.1,adventure,Brave,466000,1.55
6.7,adventure,Ivanhoe,11000,1.7666666666666666
7.7,adventure,Wreck-It Ralph,484000,1.6833333333333333
6.2,comedy,Happy Gilmore 2,81000,1.9
7.0,comedy,The Naked Gun,24000,1.4166666666666667
7.0,comedy,Freakier Friday,6400,1.8333333333333335
5.4,comedy,The Pickup,7500,1.5666666666666667
6.0,comedy,My Oxford Year,14000,1.8666666666666667
6.4,comedy,Materialists,33000,1.9333333333333333
7.0,comedy,Happy Gilmore,289000,1.5333333333333332
6.4,comedy,Freaky Friday,166000,1.6166666666666667
7.0,comedy,Good Boy,245,1.2
7.6,comedy,The Naked Gun: From the Files of Police Squad!,207000,1.4166666666666667
7.2,comedy,"Sorry, Baby",4100,1.7166666666666668
7.0,comedy,Eddington,11000,2.466666666666667
5.9,comedy,Death of a Unicorn,35000,1.7833333333333332
6.7,comedy,The Phoenician Scheme,39000,1.6833333333333333
6.4,comedy,Heads of State,50000,1.9333333333333333
7.1,comedy,If I Had Legs I'd Kick You,378,1.8833333333333333
8.1,comedy,Dead Poets Society,604000,2.1333333333333333
7.1,comedy,Nobody 2,207,1.4833333333333334
7.4,comedy,Anora,218000,2.3166666666666664
5.6,comedy,Freelance,27000,1.8
7.0,comedy,The Addams Family,193000,1.65
7.6,comedy,Once Upon a Time,922000,2.6833333333333336
5.9,comedy,Honey Don't!,279,1.4666666666666668
6.8,comedy,Nonnas,36000,1.85
6.8,comedy,The Life List,32000,2.05
6.7,comedy,Deep Cover,32000,1.6666666666666665
8.2,comedy,The Wolf of Wall Street,1700000,3.0
7.0,comedy,The Ugly Stepsister,18000,1.8166666666666667
6.9,comedy,Friendship,19000,1.6666666666666665
6.5,comedy,Naked Gun 33 1/3: The Final Insult,121000,1.3833333333333333
6.9,comedy,The Naked Gun 2½: The Smell of Fear,133000,1.4166666666666667
5.4,comedy,Borderline,5500,1.5666666666666667
7.6,comedy,Dazed and Confused,211000,1.7166666666666668
6.9,comedy,Son of Sardaar 2,36000,2.4166666666666665
6.5,comedy,Novocaine,63000,1.8333333333333335
7.0,comedy,American Pie,456000,1.5833333333333335
5.7,comedy,My Mother's Wedding,295,1.5833333333333335
5.4,comedy,Americana,478,1.8333333333333335
6.5,comedy,Wet Hot American Summer,63000,1.6166666666666667
5.6,comedy,The Toxic Avenger,1100,1.7
6.1,comedy,Anyone But You,153000,1.7166666666666668
7.7,comedy,Airplane!,278000,1.4666666666666668
7.0,comedy,The Devil Wears Prada,507000,1.8166666666666667
7.3,comedy,Bullet Train,503000,2.1166666666666667
5.7,comedy,Long Distance,5100,1.4333333333333333
8.2,comedy,The Truman Show,1300000,1.7166666666666668
6.2,comedy,After the Sunset,52000,1.6166666666666667
7.8,comedy,Poor Things,350000,2.35
8.1,comedy,The Grand Budapest Hotel,937000,1.65
6.0,comedy,Grown Ups,301000,1.7
7.9,comedy,Knives Out,827000,2.1666666666666665
7.4,comedy,American Graffiti,103000,1.8333333333333335
7.1,comedy,Mean Girls,468000,1.6166666666666667
6.9,comedy,Clueless,268000,1.6166666666666667
4.5,comedy,Trouble Man,434,1.55
7.4,comedy,10 Things I Hate About You,427000,1.6166666666666667
7.2,comedy,The Menu,467000,1.7833333333333332
6.6,comedy,Beetlejuice Beetlejuice,159000,1.75
8.6,comedy,Su from So,4000,2.283333333333333
7.4,comedy,The Ballad of Wallis Island,9500,1.65
8.2,comedy,Green Book,648000,2.1666666666666665
5.7,comedy,Riff Raff,5900,1.7166666666666668
8.2,comedy,Snatch,954000,1.7
6.9,comedy,Sitaare Zameen Par,28000,2.5833333333333335
8.6,comedy,Life Is Beautiful,787000,1.9333333333333333
7.1,comedy,Pitch Perfect,344000,1.8666666666666667
8.1,comedy,The Big Lebowski,897000,1.95
6.3,comedy,Operation Fortune: Ruse de Guerre,104000,1.9
6.2,comedy,Bring It On,111000,1.6333333333333333
7.7,comedy,The Hangover,898000,1.6666666666666665
7.1,comedy,Tropic Thunder,475000,1.7833333333333332
7.1,comedy,Licorice Pizza,150000,2.216666666666667
6.8,comedy,Addams Family Values,118000,1.5666666666666667
7.0,comedy,The Mask,453000,1.6833333333333333
6.6,comedy,"Oh, Hi!",1400,1.5833333333333335
7.6,comedy,Superbad,671000,1.8833333333333333
7.1,comedy,A Real Pain,110000,1.5
7.8,comedy,The Sandlot,111000,1.6833333333333333
8.5,comedy,The Intouchables,990000,1.8666666666666667
6.2,comedy,Casper,154000,1.6666666666666665
8.1,comedy,Wild Tales,231000,2.033333333333333
7.9,comedy,Twinless,490,1.6666666666666665
4.3,comedy,Bride Hard,2500,1.75
7.0,comedy,We're the Millers,511000,1.8333333333333335
7.0,comedy,Wedding Crashers,390000,1.9833333333333334
6.4,comedy,Big Daddy,246000,1.55
7.8,comedy,About Time,418000,2.05
8.0,comedy,La La Land,730000,2.1333333333333333
7.8,comedy,The Big Short,518000,2.1666666666666665
7.3,comedy,Blue Moon,302,1.6666666666666665
3.4,comedy,Housefull 5,16000,2.716666666666667
8.1,comedy,"Three Billboards Outside Ebbing, Missouri",589000,1.9166666666666665
7.4,comedy,The Way Way Back,162000,1.7166666666666668
7.2,comedy,Don't Look Up,647000,2.3
4.7,comedy,Hostile Takeover,219,1.4833333333333334
7.2,comedy,Grease,318000,1.8333333333333335
7.2,comedy,The Lost Boys,172000,1.6166666666666667
7.8,comedy,Ghostbusters,474000,1.75
6.4,comedy,The Princess Diaries,176000,1.9166666666666665
6.3,comedy,The Idea of You,77000,1.9166666666666665
6.8,comedy,Splitsville,186,1.6666666666666665
6.7,comedy,Love & Other Drugs,241000,1.8666666666666667
6.5,comedy,Varsity Blues,51000,1.7666666666666666
7.3,comedy,BlackBerry,61000,2.0
5.3,comedy,Guns Up,1800,1.5333333333333332
7.3,comedy,Dumb and Dumber,433000,1.7833333333333332
7.0,comedy,Challengers,162000,2.183333333333333
7.9,comedy,The Holdovers,205000,2.216666666666667
7.0,comedy,Napoleon Dynamite,250000,1.6
7.1,comedy,Glass Onion,483000,2.3166666666666664
5.4,comedy,Grown Ups 2,184000,1.6833333333333333
7.1,comedy,Babylon,197000,3.15
7.4,comedy,"Crazy, Stupid, Love",599000,1.9666666666666668
6.3,comedy,Scary Movie,307000,1.4666666666666668
7.9,comedy,Jojo Rabbit,472000,1.8
7.7,comedy,The Banshees of Inisherin,283000,1.9
6.3,comedy,No Hard Feelings,203000,1.7166666666666668
7.1,comedy,The Intern,299000,2.0166666666666666
6.5,comedy,Mamma Mia!,295000,1.8
7.8,comedy,The Breakfast Club,461000,1.6166666666666667
5.6,comedy,That's My Boy,117000,1.9333333333333333
8.0,comedy,Deadpool,1200000,1.8
6.7,comedy,The Girl Next Door,255000,1.8166666666666667
7.0,comedy,Old School,253000,1.4666666666666668
6.9,comedy,Secretary,106000,1.7833333333333332
7.8,comedy,Ferris Bueller's Day Off,406000,1.7166666666666668
6.4,comedy,He's Just Not That Into You,190000,2.15
7.5,comedy,Love Actually,561000,2.25
7.6,comedy,500 Days of Summer,598000,1.5833333333333335
6.0,comedy,She's All That,109000,1.5833333333333335
6.8,comedy,Hit Man,120000,1.9166666666666665
7.8,comedy,Little Miss Sunshine,543000,1.6833333333333333
7.4,comedy,The Terminal,519000,2.1333333333333333
6.4,comedy,Click,376000,1.7833333333333332
6.9,comedy,Ted,691000,1.7666666666666666
5.6,comedy,Jolt,38000,1.5166666666666666
5.9,comedy,White Chicks,182000,1.8166666666666667
8.3,comedy,Amélie,824000,2.033333333333333
7.1,comedy,The 40-Year-Old Virgin,489000,1.9333333333333333
8.1,comedy,Before Sunrise,364000,1.6833333333333333
7.1,comedy,The Taming of The Shrew,9200,2.033333333333333
7.8,comedy,Hot Fuzz,556000,2.0166666666666666
6.6,comedy,EuroTrip,237000,1.5333333333333332
5.2,comedy,Miller's Girl,25000,1.55
8.4,comedy,3 Idiots,465000,2.8333333333333335
6.4,comedy,Just Go with It,281000,1.95
7.0,comedy,Burn After Reading,367000,1.6
5.7,comedy,Sex and the City,131000,2.4166666666666665
7.1,comedy,Fast Times at Ridgemont High,122000,1.5
7.7,comedy,The Worst Person in the World,114000,2.1333333333333333
6.8,comedy,Ready or Not,221000,1.5833333333333335
7.4,comedy,Palm Springs,203000,1.5
7.0,comedy,Rush Hour,316000,1.6333333333333333
6.5,comedy,Zoolander,309000,1.5
6.1,comedy,Heart Eyes,27000,1.6166666666666667
7.0,comedy,Matilda,188000,1.6333333333333333
7.7,comedy,Home Alone,703000,1.7166666666666668
6.8,comedy,50 First Dates,403000,1.65
7.1,comedy,Pretty Woman,391000,1.9833333333333334
5.9,comedy,Back in Action,60000,1.9
4.7,comedy,Ebony and Ivory,133,1.4666666666666668
7.0,comedy,Demolition,126000,1.6833333333333333
5.3,comedy,Another Simple Favor,27000,2.0
8.0,comedy,Groundhog Day,723000,1.6833333333333333
5.4,comedy,Spermageddon,1700,1.3333333333333333
7.5,comedy,A Man Called Otto,198000,2.1
7.7,comedy,Lost in Translation,515000,1.7
6.8,comedy,Yesterday,178000,1.9333333333333333
6.8,comedy,The Proposal,385000,1.8
7.2,comedy,21 Jump Street,628000,1.8166666666666667
7.9,comedy,This Is Spinal Tap,153000,1.3666666666666667
7.9,comedy,Shaun of the Dead,625000,1.65
7.3,comedy,Hustle,158000,1.95
6.5,comedy,Road Trip,185000,1.55
6.6,comedy,Weird Science,103000,1.5666666666666667
6.4,comedy,Asteroid City,137000,1.75
7.6,comedy,Office Space,302000,1.4833333333333334
6.5,comedy,Legally Blonde,272000,1.6
6.2,comedy,The Waterboy,188000,1.5
6.4,comedy,Billy Madison,164000,1.4833333333333334
6.5,comedy,Kinds of Kindness,63000,2.7333333333333334
8.1,comedy,"Lock, Stock and Two Smoking Barrels",639000,1.7833333333333332
7.5,comedy,Scott Pilgrim vs,486000,1.8666666666666667
6.8,comedy,Bridesmaids,319000,2.0833333333333335
5.8,comedy,Summer of 69,2500,1.6833333333333333
7.5,comedy,Bob Trevino Likes It,3600,1.6833333333333333
7.2,comedy,Notting Hill,370000,2.066666666666667
7.3,comedy,Triangle of Sadness,207000,2.45
7.4,comedy,The Nice Guys,400000,1.9333333333333333
5.3,comedy,Love Hurts,14000,1.3833333333333333
5.8,comedy,Coyote Ugly,126000,1.6666666666666665
6.7,comedy,The Threesome,89,1.8666666666666667
6.4,comedy,The Friend,3900,1.9833333333333334
7.1,comedy,Sing,205000,1.8
8.0,comedy,CODA,181000,1.85
6.7,comedy,Police Academy,145000,1.6
6.0,comedy,Angels Sing,2600,1.45
6.3,comedy,Practical Magic,102000,1.7333333333333334
6.6,comedy,Beau Is Afraid,74000,2.9833333333333334
7.0,comedy,The Unbearable Weight of Massive Talent,173000,1.7833333333333332
8.3,comedy,Dr,542000,1.5833333333333335
5.6,comedy,Pixels,173000,1.75
6.5,comedy,How to Lose a Guy in 10 Days,304000,1.9333333333333333
7.1,comedy,American Made,224000,1.9166666666666665
7.5,comedy,Beetlejuice,407000,1.5333333333333332
6.4,comedy,The Longest Yard,205000,1.8833333333333333
6.7,comedy,The Other Guys,302000,1.7833333333333332
6.6,comedy,Bridget Jones: Mad About the Boy,27000,2.066666666666667
5.3,comedy,Get Away,8600,1.4333333333333333
6.3,comedy,The Family Plan,55000,1.9666666666666668
7.3,comedy,Punch-Drunk Love,188000,1.5833333333333335
7.6,comedy,Kick-Ass,612000,1.95
6.6,crime,Stolen: Heist of the Century,864,1.6
6.9,crime,Highest 2 Lowest,426,2.216666666666667
7.4,crime,Nobody,361000,1.5333333333333332
8.5,crime,The Departed,1500000,2.5166666666666666
6.7,crime,The Accountant 2,101000,2.2
9.1,crime,The Dark Knight,3100000,2.533333333333333
9.2,crime,The Godfather,2200000,2.9166666666666665
8.6,crime,Se7en,1900000,2.1166666666666667
8.8,crime,Pulp Fiction,2400000,2.5666666666666664
8.2,crime,No Country for Old Men,1100000,2.033333333333333
8.8,crime,Fight Club,2500000,2.3166666666666664
8.7,crime,Goodfellas,1300000,2.4166666666666665
8.2,crime,Prisoners,888000,2.55
6.6,crime,Longlegs,199000,1.6833333333333333
7.5,crime,Promising Young Woman,228000,1.8833333333333333
7.8,crime,The Batman,888000,2.9333333333333336
8.5,crime,The Usual Suspects,1200000,1.7666666666666666
8.6,crime,The Silence of the Lambs,1700000,1.9666666666666668
8.3,crime,Heat,769000,2.8333333333333335
9.0,crime,12 Angry Men,943000,1.6
5.7,crime,Havoc,59000,1.7833333333333332
8.6,crime,The Green Mile,1500000,3.15
6.8,crime,The Order,53000,1.9333333333333333
8.6,crime,City of God,846000,2.1666666666666665
4.9,crime,Knock Knock,112000,1.65
7.0,crime,Juror #2,111000,1.9
8.1,crime,Memories of Murder,248000,2.2
7.5,crime,John Wick,796000,1.6833333333333333
8.4,crime,The Dark Knight Rises,1900000,2.7333333333333334
7.3,crime,The Accountant,381000,2.1333333333333333
8.2,crime,Batman Begins,1700000,2.3333333333333335
7.7,crime,Sicario,515000,2.0166666666666666
7.7,crime,Zodiac,645000,2.6166666666666667
7.5,crime,The Town,436000,2.0833333333333335
9.0,crime,The Godfather Part II,1400000,3.3666666666666667
7.5,crime,A Time to Kill,193000,2.4833333333333334
6.5,crime,Sovereign,3600,1.6666666666666665
7.6,crime,Killers of the Flower Moon,288000,3.4333333333333336
8.3,crime,Scarface,979000,2.8333333333333335
8.5,crime,Léon: The Professional,1300000,1.8333333333333335
7.9,crime,Late Shift,2400,1.5333333333333332
7.6,crime,John Wick: Chapter 4,390000,2.8166666666666664
6.1,crime,Neighborhood Watch,5900,1.5333333333333332
7.7,crime,Blue Velvet,235000,2.0
8.3,crime,Reservoir Dogs,1100000,1.65
8.1,crime,Catch Me If You Can,1200000,2.35
7.2,crime,Now You See Me,746000,1.9166666666666665
4.6,crime,Megan Is Missing,19000,1.4166666666666667
7.5,crime,Baby Driver,660000,1.8833333333333333
7.8,crime,The Gentlemen,439000,1.8833333333333333
8.2,crime,Taxi Driver,991000,1.9
8.2,crime,Casino,599000,2.966666666666667
5.9,crime,The Alto Knights,15000,2.05
8.3,crime,Joker,1600000,2.033333333333333
7.6,crime,American Psycho,794000,1.7
7.7,crime,Primal Fear,267000,2.15
8.2,crime,Kill Bill: Vol,1300000,1.85
7.4,crime,Uncut Gems,339000,2.25
8.5,crime,American History X,1200000,1.9833333333333334
7.6,crime,RoboCop,300000,1.7
7.3,crime,Irreversible,158000,1.6166666666666667
7.1,crime,Wrath of Man,228000,1.9833333333333334
6.7,crime,Night Always Comes,13,1.8
7.3,crime,Point Break,217000,2.033333333333333
6.4,crime,Kuberaa,6900,3.0166666666666666
7.3,crime,The Equalizer,451000,2.2
6.8,crime,Reptile,105000,2.2333333333333334
5.2,crime,Flight Risk,32000,1.5166666666666666
8.1,crime,Fargo,763000,1.6333333333333333
6.2,crime,King Ivory,342,2.1666666666666665
7.8,crime,The Hateful Eight,700000,2.8
6.5,crime,Wolfs,92000,1.8
7.7,crime,Wind River,300000,1.7833333333333332
7.8,crime,The Fugitive,337000,2.1666666666666665
5.8,crime,Trap,148000,1.75
7.3,crime,Cape Fear,232000,2.1333333333333333
6.3,crime,The Guilty,166000,1.5
7.5,crime,Collateral,455000,2.0
6.6,crime,Woman of the Hour,67000,1.5833333333333335
7.8,crime,The Irishman,458000,3.4833333333333334
8.2,crime,A Clockwork Orange,918000,2.2666666666666666
7.6,crime,Minority Report,608000,2.4166666666666665
6.2,crime,MaXXXine,77000,1.7166666666666668
7.8,crime,Nightcrawler,645000,1.95
7.7,crime,Ocean's Eleven,654000,1.9333333333333333
6.8,crime,The Dry,38000,1.95
8.2,crime,L,646000,2.3
8.0,crime,The Invisible Guest,205000,1.7666666666666666
7.7,crime,Taken,660000,1.5
8.1,crime,Trainspotting,755000,1.55
7.0,crime,The Italian Job,401000,1.85
7.9,crime,Mystic River,508000,2.3
8.1,crime,Spotlight,523000,2.15
7.8,crime,The Girl with the Dragon Tattoo,518000,2.6333333333333333
7.6,crime,Anatomy of a Fall,180000,2.5166666666666666
7.3,crime,The Lincoln Lawyer,264000,1.9666666666666668
8.3,crime,Once Upon a Time in America,399000,3.8166666666666664
7.1,crime,West Side Story,103000,2.6
8.0,crime,Sin City,811000,2.066666666666667
6.3,crime,Girl in the Basement,17000,1.4666666666666668
6.3,crime,Inside,684,1.7333333333333334
7.6,crime,Hell or High Water,268000,1.7
5.5,crime,Deep Water,67000,1.9166666666666665
6.3,crime,Den of Thieves: Pantera,37000,2.4
7.8,crime,American Gangster,475000,2.6166666666666667
7.9,crime,True Romance,255000,1.9833333333333334
6.8,crime,The Fast and the Furious,443000,1.7666666666666666
7.4,crime,Blood Brothers: Bara Naga,1100,2.15
6.2,crime,A Widow's Game,6300,2.033333333333333
7.4,crime,John Wick: Chapter 2,551000,2.033333333333333
6.7,crime,Wanted,422000,1.8333333333333335
7.8,crime,Training Day,501000,2.033333333333333
7.2,crime,American Hustle,512000,2.3
6.6,crime,The Bikeriders,71000,1.9333333333333333
7.0,crime,The Outsiders,106000,1.5166666666666666
6.8,crime,The Equalizer 3,151000,1.8166666666666667
7.6,crime,The Godfather Part III,443000,2.7
6.4,crime,Killer Elite,139000,1.9333333333333333
7.5,crime,Blow,284000,2.066666666666667
7.2,crime,From Dusk Till Dawn,359000,1.8
7.5,crime,Cure,32000,1.85
7.6,crime,Lethal Weapon,289000,1.8166666666666667
7.6,crime,Gone Baby Gone,304000,1.9
7.4,crime,John Wick: Chapter 3 - Parabellum,462000,2.1666666666666665
7.8,crime,A Bronx Tale,176000,2.0166666666666666
8.0,crime,Perfect Blue,111000,1.35
6.9,crime,Con Air,333000,1.9166666666666665
7.3,crime,El Camino,322000,2.033333333333333
7.1,crime,The Devil All the Time,163000,2.3
7.5,crime,Gangs of New York,492000,2.783333333333333
5.8,crime,Blind Spot,700,1.5166666666666666
7.8,crime,The Untouchables,346000,1.9833333333333334
6.2,crime,Sleeping Dogs,23000,1.8333333333333335
6.5,crime,Mr,574000,2.0
7.1,crime,War Dogs,283000,1.9
6.2,crime,In the Shadow of the Moon,65000,1.9166666666666665
7.2,crime,The Rainmaker,88000,2.25
6.9,crime,Legend,217000,2.2
6.7,crime,A Most Wanted Man,83000,2.033333333333333
7.5,crime,The Girl with the Needle,16000,2.05
7.7,crime,Man on Fire,406000,2.4333333333333336
7.1,crime,Sicario: Day of the Soldado,183000,2.033333333333333
7.5,crime,Jackie Brown,393000,2.5666666666666664
6.8,crime,Maalik,9000,2.4833333333333334
5.7,crime,Sabotage,68000,1.8166666666666667
6.1,crime,Animal,109000,3.4
7.3,crime,Clue,118000,1.5666666666666667
6.6,crime,The Pale Blue Eye,135000,2.1333333333333333
6.7,crime,The Equalizer 2,220000,2.0166666666666666
7.9,crime,In Bruges,483000,1.7833333333333332
7.1,crime,Red Rooms,17000,1.9666666666666668
7.0,crime,Den of Thieves,147000,2.3333333333333335
7.6,crime,My Cousin Vinny,152000,2.0
8.1,crime,La haine,216000,1.6333333333333333
6.7,crime,A Simple Favor,186000,1.95
5.8,crime,The Thicket,4400,1.8
7.2,crime,Red Dragon,305000,2.066666666666667
6.4,crime,In the Land of Saints and Sinners,28000,1.7666666666666666
7.4,crime,The Talented Mr,264000,2.3166666666666664
5.0,crime,Holland,15000,1.8333333333333335
7.4,crime,Law Abiding Citizen,337000,1.8166666666666667
7.6,crime,Inside Man,416000,2.15
7.2,crime,Lurker,246,1.6666666666666665
6.1,crime,Murder Mystery,183000,1.6166666666666667
8.4,crime,High and Low,63000,2.3833333333333333
6.0,crime,The Gambler,76000,1.85
7.5,crime,Sleepers,247000,2.45
7.0,crime,Logan Lucky,173000,1.9666666666666668
7.7,crime,Crash,457000,1.8666666666666667
6.8,crime,Disturbia,268000,1.75
6.1,crime,The Fast and the Furious: Tokyo Drift,320000,1.7333333333333334
6.3,crime,Ghost in the Shell,236000,1.7833333333333332
6.5,crime,Under the Silver Lake,57000,2.3166666666666664
7.4,crime,The Judge,215000,2.35
5.7,crime,The Weekend Away,34000,1.4833333333333334
8.0,crime,Slumdog Millionaire,899000,2.0
7.6,crime,Falling Down,219000,1.8833333333333333
6.7,crime,Raid 2,31000,2.4166666666666665
7.1,crime,The Unforgivable,125000,1.8666666666666667
7.6,crime,After Hours,90000,1.6166666666666667
7.1,crime,Don't Breathe,321000,1.4666666666666668
6.3,crime,The Little Things,136000,2.1333333333333333
6.6,crime,Kiss the Girls,97000,1.9166666666666665
7.6,crime,End of Watch,284000,1.8166666666666667
7.4,crime,Molly's Game,198000,2.3333333333333335
7.1,crime,Deja Vu,340000,2.1
7.2,crime,Fracture,229000,1.8833333333333333
6.1,crime,Finestkind,12000,2.1
6.8,crime,Black Mass,199000,2.05
6.8,crime,Maargan,2400,2.2
7.3,crime,The Place Beyond the Pines,303000,2.3333333333333335
7.4,crime,Thief,45000,2.05
6.6,crime,Love Lies Bleeding,60000,1.7333333333333334
6.5,crime,Murder on the Orient Express,313000,1.9
5.9,crime,Maze,3700,1.5333333333333332
7.4,crime,A History of Violence,267000,1.6
7.7,crime,Donnie Brasco,348000,2.1166666666666667
7.2,crime,Chicago,252000,1.8833333333333333
6.8,crime,The House That Jack Built,101000,2.533333333333333
7.0,crime,The Mule,163000,1.9333333333333333
7.6,crime,Sound of Freedom,133000,2.183333333333333
6.8,crime,Bad Boys,308000,1.9833333333333334
8.0,crime,Dog Day Afternoon,284000,2.0833333333333335
7.3,crime,Monster,169000,1.8166666666666667
7.1,crime,No Way Out,53000,1.9
6.3,crime,Miss Congeniality,242000,1.8166666666666667
7.4,crime,Blow Out,71000,1.8
6.3,crime,Ocean's Eight,255000,1.8333333333333335
6.3,crime,Polar,104000,1.9666666666666668
5.9,crime,Force of Nature: The Dry 2,7900,2.0
6.8,crime,Hannibal,307000,2.183333333333333
6.7,crime,Rush Hour 2,253000,1.5
7.1,crime,Chopper,43000,1.5666666666666667
6.4,crime,Big Trouble,22000,1.4166666666666667
7.3,crime,Raising Arizona,157000,1.5666666666666667
7.3,crime,Face/Off,418000,2.3
7.4,crime,Beverly Hills Cop,226000,1.75
6.5,crime,A Haunting in Venice,134000,1.7166666666666668
6.5,crime,Homefront,138000,1.6666666666666665
7.4,crime,Forgotten,56000,1.8
7.5,crime,Escape from Alcatraz,160000,1.8666666666666667
7.0,crime,Red,334000,1.85
7.3,crime,Good Time,149000,1.7
6.9,crime,The Hitman's Bodyguard,258000,1.9666666666666668
8.2,crime,The Sting,293000,2.15
7.2,crime,Lawless,260000,1.9333333333333333
6.9,crime,Public Enemies,330000,2.3333333333333335
5.3,crime,Mob Land,4000,1.8666666666666667
6.7,crime,Gyanvapi Files: A Tailor's Murder Story,1000,2.0833333333333335
5.4,crime,Emilia Pérez,93000,2.2
6.0,crime,Original Sin,62000,1.9333333333333333
7.2,crime,Michael Clayton,180000,1.9833333333333334
6.3,crime,The American,105000,1.75
6.6,crime,To Catch a Killer,53000,1.9833333333333334
6.6,crime,Inherent Vice,115000,2.466666666666667
6.8,crime,Weird: The Al Yankovic Story,46000,1.8
6.8,crime,Extraction,282000,1.9333333333333333
8.4,crime,Witness for the Prosecution,153000,1.9333333333333333
5.5,crime,Baywatch,213000,1.9333333333333333
7.3,crime,Fast Five,424000,2.1666666666666665
5.9,crime,Cocaine Bear,122000,1.5833333333333335
6.9,crime,Labor Day,55000,1.85
6.3,crime,Death on the Nile,204000,2.1166666666666667
7.2,crime,Natural Born Killers,262000,1.9833333333333334
6.9,crime,Horrible Bosses,482000,1.6333333333333333
5.9,crime,The Poughkeepsie Tapes,29000,1.35
7.9,crime,Carlito's Way,242000,2.4
7.8,crime,Captain Phillips,511000,2.2333333333333334
7.7,crime,Dirty Harry,177000,1.7
7.1,crime,Dredd,307000,1.5833333333333335
7.2,crime,Layer Cake,204000,1.75
7.5,crime,Lolita,113000,2.55
8.1,crime,In the Name of the Father,198000,2.216666666666667
7.5,crime,Traffic,226000,2.45
8.3,crime,To Kill a Mockingbird,346000,2.15
7.5,crime,The Warriors,116000,1.55
7.5,crime,Funny Games,92000,1.8
6.3,crime,Dog Man,11000,1.4833333333333334
7.6,crime,Thelma & Louise,186000,2.1666666666666665
7.3,crime,Decision to Leave,63000,2.3166666666666664
7.7,crime,Miller's Crossing,147000,1.9166666666666665
6.0,crime,Infinity Pool,70000,1.95
6.2,crime,Cars 2,242000,1.7666666666666666
6.0,crime,Night Hunter,30000,1.6333333333333333
6.6,crime,Focus,289000,1.75
8.2,crime,Gangs of Wasseypur,109000,5.35
7.6,crime,3:10 to Yuma,345000,2.033333333333333
7.1,crime,Seven Psychopaths,283000,1.8333333333333335
7.6,crime,Lord of War,352000,2.033333333333333
7.8,crime,Mississippi Burning,123000,2.1333333333333333
6.8,crime,The Transporter,333000,1.5333333333333332
7.0,crime,Nightmare Alley,177000,2.5
7.6,crime,The Boondock Saints,259000,1.8
6.8,crime,The Good Nurse,87000,2.0166666666666666
7.0,crime,Extraction II,166000,2.033333333333333
5.6,crime,Charlie's Angels,203000,1.6333333333333333
7.7,crime,Who Framed Roger Rabbit,228000,1.7333333333333334
7.2,crime,Manhunter,88000,2.0
6.9,crime,The Last Stop in Yuma County,22000,1.5
5.8,crime,Masterminds,64000,1.5833333333333335
7.3,crime,Sexy Beast,74000,1.4833333333333334
6.7,crime,Out of the Furnace,130000,1.9333333333333333
7.1,crime,Batman Returns,343000,2.1
6.5,crime,Double Jeopardy,101000,1.75
5.7,crime,Burn,8400,1.4666666666666668
7.6,crime,Freedom Writers,91000,2.05
7.0,crime,Fallen,99000,2.066666666666667
7.5,crime,BlacKkKlansman,305000,2.25
7.8,crime,The Best Offer,134000,2.183333333333333
6.4,crime,The Punisher,177000,2.066666666666667
7.3,crime,Shot Caller,109000,2.0166666666666666
3.8,crime,Deadly Illusions,14000,1.9
6.9,crime,Adventures in Babysitting,52000,1.7
6.5,crime,Awake,84000,1.4
6.1,crime,Barron's Cove,549,1.9333333333333333
7.3,crime,She Said,48000,2.15
7.7,crime,Road to Perdition,295000,1.95
6.7,crime,Appaloosa,67000,1.9166666666666665
7.8,crime,The Secret Agent,708,2.6333333333333333
7.6,crime,Eastern Promises,272000,1.6666666666666665
7.3,crime,The Basketball Diaries,128000,1.7
6.4,crime,I Care a Lot,155000,1.9666666666666668
5.9,crime,2 Fast 2 Furious,314000,1.7833333333333332
7.3,crime,Running Scared,106000,2.033333333333333
8.0,crime,Dogville,165000,2.85
5.7,crime,iHostage,11000,1.6666666666666665
5.2,crime,Vengeance: A Love Story,9600,1.65
8.0,crime,Lucky Baskhar,36000,2.466666666666667
7.6,crime,It Was Just an Accident,630,1.75
7.7,crime,Lucky Number Slevin,334000,1.8333333333333335
5.5,crime,Spiderhead,71000,1.7666666666666666
6.3,crime,Kindergarten Cop,171000,1.85
7.3,crime,Before the Devil Knows You're Dead,118000,1.95
7.2,crime,RocknRolla,272000,1.9
5.2,crime,F9: The Fast Saga,174000,2.3833333333333333
6.1,crime,The Substitute,17000,1.9
7.1,crime,Side Effects,202000,1.7666666666666666
6.5,crime,Sin City: A Dame to Kill For,176000,1.7
7.9,crime,Chungking Express,106000,1.7
7.5,crime,A Fish Called Wanda,162000,1.8
7.2,crime,Wild at Heart,109000,2.0833333333333335
6.6,crime,Wild Things,138000,1.8
6.7,crime,The Bone Collector,196000,1.9666666666666668
6.4,crime,Luther: The Fallen Sun,70000,2.15
7.4,crime,Dolores Claiborne,51000,2.2
7.0,crime,Breakdown,67000,1.55
6.8,crime,21,276000,2.05
6.3,crime,Austin Powers in Goldmember,230000,1.5666666666666667
6.7,crime,Austin Powers: The Spy Who Shagged Me,258000,1.5833333333333335
7.5,crime,Kiss Kiss Bang Bang,245000,1.7166666666666668
7.0,crime,22 Jump Street,427000,1.8666666666666667
7.0,crime,"The Gangster, the Cop, the Devil",30000,1.8166666666666667
3.8,crime,High Rollers,1400,1.6833333333333333
6.5,crime,Ocean's Twelve,430000,2.0833333333333335
6.5,crime,Gone in 60 Seconds,305000,1.9666666666666668
8.0,crime,Butch Cassidy and the Sundance Kid,234000,1.8333333333333335
7.2,crime,Ronin,204000,2.033333333333333
5.8,crime,Army of the Dead,197000,2.466666666666667
6.1,crime,Lou,37000,1.7833333333333332
7.0,crime,The Drop,167000,1.7666666666666666
7.6,crime,The Raid: Redemption,226000,1.6833333333333333
7.2,crime,Top Secret!,79000,1.5
8.3,crime,M,179000,1.65
6.4,crime,Minions,276000,1.5166666666666666
7.2,crime,Teenage Mutant Ninja Turtles: Mutant Mayhem,75000,1.65
6.1,crime,Hitman's Wife's Bodyguard,116000,1.6666666666666665
7.1,crime,Heathers,124000,1.7166666666666668
7.2,crime,In the Line of Fire,120000,2.1333333333333333
6.9,crime,Pineapple Express,367000,1.85
8.2,crime,K,161000,2.7666666666666666
6.4,crime,Pain & Gain,237000,2.15
5.2,crime,Absolution,9500,1.8666666666666667
7.1,crime,Bad Times at the El Royale,175000,2.35
6.7,crime,The Client,78000,1.9833333333333334
6.2,crime,The Girl Who Escaped: The Kara Robinson Story,5900,1.4666666666666668
7.8,crime,Boyz n the Hood,164000,1.8666666666666667
7.5,crime,Perfume: The Story of a Murderer,274000,2.45
6.0,crime,Jaat,11000,2.6333333333333333
6.9,crime,Crank,273000,1.4666666666666668
8.1,crime,On the Waterfront,174000,1.8
6.2,crime,Malignant,118000,1.85
5.5,crime,The Hustle,70000,1.55
6.8,crime,Panic Room,309000,1.8666666666666667
7.0,crime,Boiler Room,59000,2.0
6.5,crime,The Clovehitch Killer,39000,1.8166666666666667
7.2,crime,Frailty,97000,1.6666666666666665
7.6,crime,The Seed of the Sacred Fig,17000,2.783333333333333
7.7,crime,Mother,78000,2.15
5.7,crime,Murder Mystery 2,79000,1.5
6.2,crime,Deliver Us from Evil,89000,1.9666666666666668
7.3,crime,Bound,65000,1.8166666666666667
8.2,crime,Dial M for Murder,200000,1.75
7.1,crime,The Call,50000,1.8666666666666667
7.3,crime,Lethal Weapon 2,197000,1.9
7.2,crime,Strange Days,83000,2.4166666666666665
6.2,crime,The Two Faces of January,35000,1.6
6.2,crime,Spenser Confidential,104000,1.85
6.4,crime,Army of Thieves,95000,2.1166666666666667
6.9,crime,The Thomas Crown Affair,106000,1.8833333333333333
7.3,crime,Patriots Day,120000,2.216666666666667
7.0,crime,The Foreigner,129000,1.8833333333333333
6.8,crime,Bolt,241000,1.6
6.9,crime,Dragged Across Concrete,60000,2.65
6.5,crime,The Girl on the Train,207000,1.8666666666666667
6.9,crime,Home Alone 2: Lost in New York,433000,2.0
6.9,crime,Clear and Present Danger,113000,2.35
7.0,crime,The Infiltrator,83000,2.1166666666666667
6.6,crime,The Fate of the Furious,267000,2.2666666666666666
6.3,crime,The Laundromat,57000,1.6
6.7,crime,The A-Team,274000,1.95
6.4,crime,Boy Kills World,37000,1.85
7.7,crime,Serpico,143000,2.1666666666666665
7.4,crime,Witness,110000,1.8666666666666667
7.1,crime,Dressed to Kill,54000,1.7333333333333334
7.4,crime,Following,107000,1.15
7.0,crime,Green Room,149000,1.5833333333333335
7.1,crime,Phone Booth,297000,1.35
4.7,crime,Trauma,3500,1.7666666666666666
3.3,crime,Alarum,3400,1.5833333333333335
6.8,crime,The Stone,455,2.0833333333333335
7.1,crime,Desperado,205000,1.7333333333333334
8.6,crime,Jai Bhim,228000,2.7333333333333334
7.7,crime,Glengarry Glen Ross,123000,1.6666666666666665
6.9,crime,The Highwaymen,111000,2.2
8.2,crime,The Act of Killing,43000,1.95
7.3,crime,The Negotiator,161000,2.3333333333333335
5.4,crime,Brothers,14000,1.4833333333333334
7.3,crime,Wall Street,171000,2.1
7.5,crime,Fallen Angels,57000,1.65
7.5,crime,Midnight Run,100000,2.1
7.7,crime,The French Connection,146000,1.7333333333333334
7.0,crime,Wicked Little Letters,40000,1.6666666666666665
7.9,crime,"Blood In, Blood Out",37000,3.0
6.3,crime,Central Intelligence,229000,1.7833333333333332
7.2,crime,Animal Kingdom,62000,1.8833333333333333
4.1,crime,Boneyard,5400,1.6
6.2,crime,Rush Hour 3,194000,1.5166666666666666
6.8,crime,Body Double,43000,1.9
6.8,crime,Four Brothers,165000,1.8166666666666667
6.9,crime,Get Shorty,95000,1.75
7.1,crime,T2 Trainspotting,139000,1.95
7.4,crime,Frequency,121000,1.9666666666666668
6.4,crime,The Jackal,130000,2.066666666666667
7.3,crime,Despicable Me 2,448000,1.6333333333333333
7.5,crime,Blood Simple,111000,1.65
7.3,crime,Rounders,166000,2.0166666666666666
6.9,crime,Ocean's Thirteen,380000,2.033333333333333
5.7,crime,Last Seen Alive,34000,1.5833333333333335
6.1,crime,Miami Vice,128000,2.2
7.3,crime,The Next Three Days,213000,2.216666666666667
6.8,crime,All the Money in the World,95000,2.2
6.6,crime,Bad Boys II,283000,2.45
8.0,crime,The Night of the Hunter,104000,1.5333333333333332
6.2,crime,Eye for an Eye,22000,1.6833333333333333
7.1,crime,Runaway Jury,117000,2.1166666666666667
6.1,crime,In Secret,10000,1.7833333333333332
6.9,crime,King of New York,46000,1.7166666666666668
7.5,crime,The Player,70000,2.066666666666667
5.9,crime,The Hangover Part III,352000,1.6666666666666665
7.1,crime,Blue Ruin,84000,1.5
6.2,crime,The Devil's Own,75000,1.85
7.4,crime,Master,88000,2.9833333333333334
6.7,crime,2 Guns,233000,1.8166666666666667
6.8,crime,Risky Business,106000,1.65
7.4,crime,Body Heat,43000,1.8833333333333333
8.1,crime,Rashomon,192000,1.4666666666666668
7.2,crime,The Bank Job,195000,1.85
6.7,crime,Sharper,37000,1.9333333333333333
7.0,crime,Thunderbolt and Lightfoot,31000,1.9166666666666665
7.5,crime,Richard Jewell,104000,2.183333333333333
7.2,crime,Go,78000,1.7
6.6,crime,Pain Hustlers,53000,2.05
6.8,crime,What Happened to Monday,141000,2.05
7.0,crime,Bronson,146000,1.5333333333333332
6.7,crime,Streets of Fire,26000,1.55
6.2,crime,Hitman,184000,1.5666666666666667
7.0,crime,The Adjustment Bureau,278000,1.7666666666666666
7.8,crime,A Prophet,106000,2.5833333333333335
4.1,crime,Untold,201,1.7833333333333332
7.5,crime,It's a Mad Mad Mad Mad World,50000,3.5
6.1,crime,Rambo: Last Blood,116000,1.4833333333333334
6.2,crime,Hackers,79000,1.75
7.1,crime,John Q,150000,1.9333333333333333
6.6,crime,House of Gucci,170000,2.6333333333333333
7.3,crime,Grosse Pointe Blank,103000,1.7833333333333332
6.0,crime,Pink Flamingos,30000,1.55
8.3,crime,Double Indemnity,176000,1.7833333333333332
8.3,crime,The Rivals of Amziah King,159,2.1666666666666665
7.0,crime,Out of Sight,104000,2.05
6.8,crime,Chappie,279000,2.0
5.7,crime,The Woman in the Window,88000,1.6666666666666665
6.5,crime,See How They Run,71000,1.6333333333333333
6.0,crime,Honest Thief,62000,1.65
7.4,crime,Green Street Hooligans,168000,1.8166666666666667
7.8,crime,The Chaser,78000,2.0833333333333335
8.0,crime,Cool Hand Luke,195000,2.1166666666666667
7.2,crime,The Ghost Writer,175000,2.1333333333333333
6.2,crime,Taken 2,333000,1.5333333333333332
6.3,crime,Despicable Me 3,172000,1.4833333333333334
6.3,crime,Ghost Killer,455,1.75
6.1,crime,Ambulance,109000,2.2666666666666666
6.8,crime,Enola Holmes 2,112000,2.15
7.7,crime,Changeling,272000,2.35
6.3,crime,Entrapment,128000,1.8833333333333333
6.3,crime,Once Upon a Time in Mexico,174000,1.7
7.2,crime,Department Q: The Keeper of Lost Causes,35000,1.6
6.8,crime,Street Kings,125000,1.8166666666666667
6.5,crime,Halloween,180000,1.7666666666666666
7.6,crime,21 Grams,251000,2.066666666666667
6.7,crime,Emily the Criminal,65000,1.6166666666666667
4.9,crime,Almost Cops,2700,1.5833333333333335
5.3,crime,Daredevil,238000,1.7166666666666668
6.2,crime,The Losers,110000,1.6166666666666667
8.2,crime,Drishyam,103000,2.716666666666667
7.8,crime,The King of Comedy,127000,1.8166666666666667
2.5,crime,Megamind vs,5800,1.3833333333333333
7.3,crime,Capote,147000,1.9
7.9,sport,F1: The Movie,144000,2.5833333333333335
6.3,sport,Karate Kid: Legends,27000,1.5666666666666667
7.6,sport,The Iron Claw,109000,2.2
8.1,sport,Ford v Ferrari,537000,2.533333333333333
7.3,sport,Coach Carter,183000,2.2666666666666666
8.1,sport,Rush,542000,2.05
6.9,sport,Radio,46000,1.8166666666666667
7.6,sport,Moneyball,493000,2.216666666666667
7.2,sport,Unbroken,193000,2.283333333333333
8.1,sport,Rocky,668000,2.0
7.6,sport,Creed,325000,2.216666666666667
7.3,sport,The Karate Kid,263000,2.1
8.1,sport,Warrior,519000,2.3333333333333335
6.7,sport,Dodgeball: A True Underdog Story,278000,1.5333333333333332
7.3,sport,Jerry Maguire,302000,2.3166666666666664
6.6,sport,Talladega Nights: The Ballad of Ricky Bobby,209000,1.8
8.1,sport,Million Dollar Baby,752000,2.2
7.8,sport,Remember the Titans,243000,1.8833333333333333
6.4,sport,17 Again,227000,1.7
7.3,sport,Southpaw,271000,2.066666666666667
6.7,sport,Back to School,38000,1.6
8.1,sport,Raging Bull,399000,2.15
7.1,sport,Real Steel,373000,2.1166666666666667
7.5,sport,Field of Dreams,136000,1.7833333333333332
7.4,sport,Air,187000,1.85
6.6,sport,The Replacements,73000,1.9666666666666668
6.4,sport,She's the Man,187000,1.75
7.2,sport,Caddyshack,132000,1.6333333333333333
7.5,sport,Waves,36000,2.25
7.6,sport,The Blind Side,378000,2.15
7.2,sport,Major League,81000,1.7833333333333332
6.7,sport,Creed III,102000,1.9333333333333333
7.8,sport,The Fighter,401000,1.9333333333333333
8.3,sport,Dangal,230000,2.6833333333333336
5.8,sport,Over the Top,63000,1.55
5.6,sport,Kicking & Screaming,42000,1.5833333333333335
7.1,sport,Rocky Balboa,239000,1.7
6.7,sport,Cars 3,140000,1.7
7.4,sport,A League of Their Own,127000,2.1333333333333333
6.9,sport,Rocky IV,238000,1.5166666666666666
7.1,sport,Creed II,165000,2.1666666666666665
6.4,sport,Ferrari,64000,2.1666666666666665
7.2,sport,Friday Night Lights,69000,1.9666666666666668
7.8,sport,The World's Fastest Indian,62000,2.1166666666666667
6.1,sport,Days of Thunder,102000,1.7833333333333332
6.3,sport,Blades of Glory,183000,1.55
6.2,sport,The Cannonball Run,43000,1.5833333333333335
7.5,sport,"I, Tonya",255000,1.9833333333333334
8.0,sport,Cinderella Man,206000,2.4
6.9,sport,Rocky III,222000,1.65
6.9,sport,Kingpin,95000,1.9
6.8,sport,Bloodsport,100000,1.5333333333333332
7.7,sport,Breaking Away,27000,1.6833333333333333
6.7,sport,Hot Rod,97000,1.4666666666666668
6.7,sport,Bend It Like Beckham,120000,1.8666666666666667
6.5,sport,Space Jam,224000,1.4666666666666668
7.3,sport,Rocky II,243000,1.9833333333333334
5.4,sport,Rocky V,157000,1.7333333333333334
7.9,sport,The Wrestler,327000,1.8166666666666667
7.0,sport,The Boys in the Boat,29000,2.05
7.4,sport,"McFarland, USA",45000,2.15
7.0,sport,Arthur the King,36000,1.7833333333333332
6.7,sport,Surf's Up,98000,1.4166666666666667
7.2,sport,Grand Prix,12000,2.9333333333333336
8.2,sport,Children of Heaven,87000,1.4833333333333334
6.1,sport,Speed Racer,82000,2.25
6.4,sport,Grand Prix of Europe,189,1.6333333333333333
6.7,sport,The Hill,8800,2.1
7.5,sport,Young Woman and the Sea,18000,2.15
7.5,sport,Rudy,72000,1.9
6.1,sport,Rookie of the Year,33000,1.7166666666666668
6.2,sport,Two for the Money,52000,2.033333333333333
6.7,sport,The Legend of Bagger Vance,61000,2.1
6.3,sport,Queen of the Ring,2300,2.15
4.6,sport,Driven,44000,1.9333333333333333
7.0,sport,Ralph Breaks the Internet,198000,1.8666666666666667
5.9,sport,Nacho Libre,99000,1.5333333333333332
8.5,sport,Senna,82000,1.7666666666666666
6.8,sport,Trouble with the Curve,71000,1.85
7.0,sport,The Senior,68,1.65
7.5,sport,King Richard,149000,2.4
6.6,sport,The Mighty Ducks,75000,1.7333333333333334
7.6,sport,The Art of Racing in the Rain,43000,1.8166666666666667
6.6,sport,Heavyweights,32000,1.6166666666666667
6.7,sport,Skater Girl,6400,1.7833333333333332
5.6,sport,Major League II,29000,1.75
7.3,sport,The Bad News Bears,27000,1.7
7.4,sport,The Natural,55000,2.3
6.1,sport,The Karate Kid Part II,106000,1.8833333333333333
6.4,sport,Turbo,120000,1.6
7.0,sport,Fighting with My Family,92000,1.8
6.9,sport,Any Given Sunday,129000,2.7
7.0,sport,Bull Durham,63000,1.8
7.1,sport,We Are Marshall,67000,2.183333333333333
7.0,sport,The Color of Money,98000,1.9833333333333334
5.2,sport,Under Paris,38000,1.7333333333333334
7.4,sport,Toolsidas Junior,4000,2.2
6.2,sport,Angels in the Outfield,37000,1.7
7.0,sport,Cool Runnings,119000,1.6333333333333333
7.5,sport,The Big Blue,57000,2.8
7.4,sport,Searching for Bobby Fischer,44000,1.8166666666666667
7.5,sport,42,107000,2.1333333333333333
8.1,sport,Free Solo,83000,1.6666666666666665
5.5,sport,Lamborghini: The Man Behind the Legend,16000,1.6166666666666667
7.0,sport,Foxcatcher,153000,2.2333333333333334
7.1,sport,Chariots of Fire,69000,2.0833333333333335
7.3,sport,Finding Forrester,92000,2.2666666666666666
6.5,sport,BASEketball,68000,1.7166666666666668
6.0,sport,Vertical Limit,68000,2.066666666666667
5.4,sport,The Karate Kid Part III,75000,1.8666666666666667
7.3,sport,National Velvet,8500,2.05
5.6,sport,The Benchwarmers,57000,1.4166666666666667
8.2,sport,Bhaag Milkha Bhaag,76000,3.1
6.4,sport,Here Comes the Boom,98000,1.75
6.8,sport,Unstoppable,4700,1.9333333333333333
7.2,sport,Slap Shot,44000,2.05
7.6,sport,The Hurricane,106000,2.4333333333333336
5.4,sport,Balls of Fury,46000,1.5
6.8,sport,Draft Day,71000,1.8333333333333335
6.4,sport,The Game Plan,103000,1.8333333333333335
7.5,sport,Redline,19000,1.7
6.6,sport,For Love of the Game,40000,2.283333333333333
7.1,sport,Sultan,56000,2.8333333333333335
6.5,sport,Touchback,4700,1.9666666666666668
7.3,sport,Shaolin Soccer,94000,1.45
5.4,sport,3 Ninjas,24000,1.4
7.1,sport,Lords of Dogtown,60000,1.7833333333333332
7.3,sport,Invictus,172000,2.2333333333333334
7.4,sport,Hoosiers,55000,1.9
6.7,sport,The Long Game,7700,1.8666666666666667
7.5,sport,Miracle,62000,2.25
6.8,sport,White Men Can't Jump,103000,1.9166666666666665
6.5,sport,Little Giants,32000,1.7833333333333332
7.3,sport,Eddie the Eagle,105000,1.7666666666666666
5.8,sport,The Ringer,40000,1.5666666666666667
4.9,sport,Herbie: Fully Loaded,53000,1.6833333333333333
6.5,sport,The Program,20000,1.7333333333333334
6.4,sport,Kickboxer,65000,1.6166666666666667
7.3,sport,Seabiscuit,79000,2.3333333333333335
7.0,sport,Soul Surfer,55000,1.8666666666666667
6.5,sport,Never Back Down,110000,1.8833333333333333
6.5,sport,Facing the Giants,19000,1.85
7.0,sport,Invincible,78000,1.75
6.7,sport,Ali,109000,2.6166666666666667
6.4,sport,Tin Cup,55000,2.25
7.0,sport,Pawn Sacrifice,53000,1.9166666666666665
6.9,sport,He Got Game,54000,2.2666666666666666
6.8,sport,Goon,93000,1.5333333333333332
6.7,sport,Battle of the Sexes,62000,2.0166666666666666
6.8,sport,True Spirit,12000,1.8166666666666667
7.4,sport,The Swimmers,39000,2.2333333333333334
7.1,sport,Concussion,103000,2.05
7.1,sport,Nyad,44000,2.0166666666666666
6.8,sport,Champions,34000,2.066666666666667
7.2,sport,Secretariat,32000,2.05
7.9,sport,The Hustler,90000,2.2333333333333334
7.1,sport,Race,43000,2.2333333333333334
5.7,sport,Planes,51000,1.5166666666666666
6.1,sport,The Bronze,14000,1.6666666666666665
6.2,sport,I Am Zlatan,4700,1.6666666666666665
7.1,sport,American Underdog,27000,1.8666666666666667
7.1,sport,Gridiron Gang,83000,2.0833333333333335
8.1,sport,Lagaan: Once Upon a Time in India,125000,3.7333333333333334
6.1,sport,D2: The Mighty Ducks,45000,1.7666666666666666
6.0,sport,Home Team,23000,1.5833333333333335
6.7,sport,Hidalgo,88000,2.2666666666666666
7.9,sport,Icarus,57000,2.0
7.2,sport,Love & Basketball,26000,2.066666666666667
7.4,sport,The Greatest Game Ever Played,35000,2.0
6.9,sport,The Cutting Edge,24000,1.6833333333333333
6.2,sport,Death Race 2000,33000,1.3333333333333333
6.9,sport,Heaven Can Wait,25000,1.6833333333333333
4.6,sport,The Next Karate Kid,37000,1.7833333333333332
6.2,sport,Lionheart,42000,1.8
7.7,sport,Haikyu!! The Dumpster Battle,6800,1.4166666666666667
2.3,sport,Little Angels,119,1.8333333333333335
6.8,sport,Bleed for This,33000,1.95
6.0,sport,Heart of Champions,3700,1.9833333333333334
5.3,sport,Oxford Blues,3700,1.6166666666666667
5.8,sport,Bad News Bears,24000,1.8833333333333333
7.6,sport,Shelter,25000,1.6166666666666667
6.7,sport,The Way Back,55000,1.8
6.8,sport,A Prayer Before Dawn,28000,1.9333333333333333
6.4,sport,Hardball,35000,1.7666666666666666
6.7,sport,The Fire Inside,3200,1.8166666666666667
6.2,sport,Little Big League,12000,1.9833333333333334
8.9,sport,O,23000,7.783333333333333
6.9,sport,The Broken Hearts Club: A Romantic Comedy,8500,1.5666666666666667
4.5,sport,Space Jam: A New Legacy,85000,1.9166666666666665
5.9,sport,Grind,14000,1.75
7.4,sport,Uma Musume: Pretty Derby - Beginning of a New Era,239,1.8
6.1,sport,Ice Princess,31000,1.6333333333333333
5.7,sport,Blue Crush,34000,1.7333333333333334
6.0,sport,All the Right Moves,22000,1.5166666666666666
6.7,sport,The Football Factory,34000,1.5166666666666666
8.0,sport,The First Slam Dunk,12000,2.066666666666667
6.2,sport,Billy Lynn's Long Halftime Walk,25000,1.8833333333333333
6.1,sport,Undisputed,36000,1.5666666666666667
8.7,sport,We Are Storror,60,1.5833333333333335
6.4,sport,Stick It,32000,1.7166666666666668
5.4,sport,Like Mike,24000,1.65
4.4,sport,Supercross,5000,1.3333333333333333
5.7,sport,Playing for Keeps,32000,1.75
6.7,sport,Victory,35000,1.9333333333333333
6.1,sport,Fired Up!,47000,1.5
6.9,sport,Whip It,72000,1.85
7.7,sport,14 Peaks: Nothing Is Impossible,32000,1.6833333333333333
7.4,sport,The Black Stallion,15000,1.9666666666666668
7.6,sport,Athlete A,13000,1.7166666666666668
7.1,sport,Chasing Mavericks,36000,1.9333333333333333
7.7,sport,Man on Wire,60000,1.5666666666666667
5.4,sport,Air Bud,21000,1.6333333333333333
5.1,sport,Tooth Fairy,52000,1.6833333333333333
6.4,sport,Kill the Jockey,2100,1.6
7.7,sport,The Deepest Breath,17000,1.8
7.9,sport,Touching the Void,39000,1.7666666666666666
6.7,sport,The Survivor,6900,2.15
6.3,sport,Wimbledon,68000,1.6333333333333333
6.1,sport,The Wizard,17000,1.6666666666666665
6.7,sport,Rad,7600,1.55
5.5,sport,The Big Green,12000,1.6666666666666665
6.6,sport,Hands of Stone,18000,1.85
7.7,sport,The Triplets of Belleville,59000,1.3333333333333333
7.7,sport,Meru,20000,1.5
6.5,sport,Rollerball,31000,2.0833333333333335
6.3,sport,Out Cold,19000,1.4833333333333334
8.1,sport,The Dawn Wall,22000,1.6666666666666665
7.1,sport,Win Win,56000,1.7666666666666666
6.2,sport,Fever Pitch,49000,1.7333333333333334
6.7,sport,Goal! The Dream Begins,68000,1.9666666666666668
7.2,sport,Glory Road,50000,1.9666666666666668
7.0,sport,The Boxer,23000,1.8833333333333333
6.2,sport,Seven Days in Utopia,4500,1.6666666666666665
6.1,sport,Sweetwater,1500,1.9666666666666668
6.9,sport,Yolo,4000,2.15
8.1,sport,Chak De! India,88000,2.55
7.4,sport,Queen of Katwe,20000,2.066666666666667
6.9,sport,The Rookie,39000,2.1166666666666667
8.3,sport,Hoop Dreams,29000,2.8333333333333335
7.2,sport,Eight Men Out,23000,1.9833333333333334
7.6,sport,The Endless Summer,6700,1.5833333333333335
6.8,sport,Somewhere in Queens,6100,1.7666666666666666
7.3,sport,Greater,9600,2.1666666666666665
7.4,sport,Hill,297,1.5
6.8,sport,Moon,602,1.5333333333333332
7.8,sport,Chandu Champion,35000,2.3666666666666667
6.5,sport,Run Fatboy Run,71000,1.6666666666666665
5.3,sport,Student of the Year,21000,2.4333333333333336
7.1,sport,The Power of One,11000,2.1166666666666667
5.8,sport,Semi-Pro,88000,1.5166666666666666
7.2,sport,Sugar,5300,1.9
4.9,sport,Stroker Ace,4600,1.6
6.6,sport,Take Me Out to the Ball Game,4300,1.55
6.3,sport,The Beautiful Game,8400,2.0833333333333335
7.4,sport,Schumacher,27000,1.8666666666666667
7.1,sport,Lean on Pete,15000,2.0166666666666666
6.9,sport,The Match,1900,1.9166666666666665
6.9,sport,The Last Champion,1000,2.033333333333333
7.2,sport,Peaceful Warrior,31000,2.0
8.5,sport,Sarpatta Parambarai,27000,2.8833333333333333
7.3,sport,United,14000,1.5666666666666667
7.1,sport,Big Wednesday,7800,2.0
6.4,sport,Uranus 2324,5000,2.1666666666666665
7.8,sport,The Game Changers,22000,1.4333333333333333
6.9,sport,Day of the Fight,800,1.8
7.6,sport,Sunshine,165,1.5166666666666666
6.4,sport,Rez Ball,2700,1.85
5.6,sport,Fighting,35000,1.75
7.2,sport,The Great Race,21000,2.6666666666666665
7.0,sport,Million Dollar Arm,49000,2.066666666666667
7.2,sport,Hard Times,13000,1.55
6.5,sport,Next Goal Wins,30000,1.7333333333333334
8.0,sport,The King of Kong: A Fistful of Quarters,38000,1.3166666666666667
7.3,sport,Pumping Iron,26000,1.4333333333333333
6.6,sport,Above the Rim,18000,1.6
5.5,sport,Ladybugs,11000,1.5
5.7,sport,Everyone's Hero,10000,1.45
8.5,sport,Jersey,26000,2.6166666666666667
6.1,sport,Wildcats,15000,1.7666666666666666
6.3,sport,The Blood of Heroes,8000,1.7333333333333334
5.9,sport,Lucky You,21000,2.066666666666667
7.2,sport,Fat City,11000,1.6
6.7,sport,Le Mans,13000,1.7666666666666666
7.5,sport,The Harder They Fall,9800,1.8166666666666667
6.7,sport,"Mystery, Alaska",29000,1.9833333333333334
7.1,sport,Weekend Rebels,1900,1.8166666666666667
6.4,sport,Best of the Best,16000,1.6166666666666667
5.5,sport,D3: The Mighty Ducks,30000,1.7333333333333334
8.0,sport,Minding the Gap,11000,1.55
5.9,sport,Planes: Fire & Rescue,21000,1.3833333333333333
7.0,sport,Handsome Devil,18000,1.5833333333333335
6.5,sport,Shooting Stars,3800,1.9333333333333333
6.4,sport,Grudge Match,64000,1.8833333333333333
8.2,sport,Rocco and His Brothers,25000,2.9833333333333334
5.9,sport,The Fan,53000,1.9333333333333333
4.8,sport,Good Game: The Beginning,8600,1.9
6.8,sport,Safety,5200,2.033333333333333
6.7,sport,Vision Quest,11000,1.7833333333333332
6.9,sport,Borg vs,36000,1.7833333333333332
6.7,sport,In from the Side,8400,2.2333333333333334
8.2,sport,Paan Singh Tomar,39000,2.25
5.1,sport,Blue Juice,3100,1.5
4.6,sport,3 Ninjas Kick Back,10000,1.55
5.3,sport,A-X-L,14000,1.6333333333333333
8.7,sport,Fight Like a Girl,37,1.9666666666666668
5.9,sport,Beer League,8700,1.4333333333333333
3.8,sport,The Love Guru,56000,1.45
5.9,sport,80 for Brady,14000,1.6333333333333333
6.5,sport,Chuck,7200,1.6333333333333333
6.2,sport,Youngblood,17000,1.8333333333333335
6.6,sport,Big George Foreman,12000,2.15
5.1,sport,Surf Ninjas,9400,1.45
7.0,sport,The Phantom of the Open,8700,1.7666666666666666
